State	Location	% Change in Mortality Rate, 1980-2014
Alabama	Winston County	2462.5
Alabama	Wilcox County	1398.15
Alabama	Washington County	1703.44
Alabama	Walker County	4756.15
Alabama	Tuscaloosa County	3172.45
Alabama	Tallapoosa County	1210.18
Alabama	Talladega County	1500.27
Alabama	Sumter County	1437.5
Alabama	Shelby County	2223.98
Alabama	Saint Clair County	3024.72
Alabama	Russell County	705.77
Alabama	Randolph County	1155.6
Alabama	Pike County	836.97
Alabama	Pickens County	2265.88
Alabama	Perry County	2006.28
Alabama	Morgan County	2369.49
Alabama	Montgomery County	734.82
Alabama	Monroe County	1362.6
Alabama	Mobile County	1730.59
Alabama	Marshall County	2325.3
Alabama	Marion County	1537.07
Alabama	Marengo County	1422.37
Alabama	Madison County	1374.73
Alabama	Macon County	1327.69
Alabama	Lowndes County	1045.22
Alabama	Limestone County	1347.89
Alabama	Lee County	752.19
Alabama	Lawrence County	2539.51
Alabama	Lauderdale County	1950.8
Alabama	Lamar County	1883.2
Alabama	Jefferson County	2508.44
Alabama	Jackson County	1778.98
Alabama	Houston County	1162.07
Alabama	Henry County	781.63
Alabama	Hale County	1593.96
Alabama	Greene County	1744.09
Alabama	Geneva County	714.48
Alabama	Franklin County	2948.02
Alabama	Fayette County	3549.05
Alabama	Etowah County	1917.45
Alabama	Escambia County	1333.14
Alabama	Elmore County	1214.95
Alabama	DeKalb County	1768.2
Alabama	Dallas County	1040.08
Alabama	Dale County	1058.94
Alabama	Cullman County	4114.92
Alabama	Crenshaw County	895.54
Alabama	Covington County	810.09
Alabama	Coosa County	2127.95
Alabama	Conecuh County	1238.54
Alabama	Colbert County	1714.06
Alabama	Coffee County	775.62
Alabama	Cleburne County	1630.81
Alabama	Clay County	1473.68
Alabama	Clarke County	1294.84
Alabama	Choctaw County	1306.07
Alabama	Chilton County	1520.37
Alabama	Cherokee County	1678.21
Alabama	Chambers County	1200.14
Alabama	Calhoun County	1293.8
Alabama	Butler County	957.13
Alabama	Bullock County	781.57
Alabama	Blount County	3014.08
Alabama	Bibb County	2344.39
Alabama	Barbour County	722.06
Alabama	Baldwin County	1795.87
Alabama	Autauga County	998.81
Alaska	Yukon-Koyukuk Census Area	393.65
Alaska	Yakutat City and Borough	586.94
Alaska	Wrangell City and Borough	529.44
Alaska	Valdez-Cordova Census Area	647.03
Alaska	Southeast Fairbanks Census Area	455.44
Alaska	Skagway Municipality	586.94
Alaska	Sitka City and Borough	338.36
Alaska	Prince of Wales-Hyder Census Area	529.44
Alaska	Petersburg Borough	529.44
Alaska	Nome Census Area	236.74
Alaska	Matanuska-Susitna Borough	792.71
Alaska	Lake and Peninsula Borough	826.66
Alaska	Kusilvak Census Area	319.01
Alaska	Kodiak Island Borough	353.24
Alaska	Ketchikan Gateway Borough	529.44
Alaska	Kenai Peninsula Borough	595.16
Alaska	Juneau City and Borough	838.53
Alaska	Hoonah-Angoon Census Area	586.94
Alaska	Haines Borough	559.81
Alaska	Fairbanks North Star Borough	402.57
Alaska	Dillingham Census Area	826.66
Alaska	Denali Borough	393.65
Alaska	Bristol Bay Borough	535.04
Alaska	Bethel Census Area	463.51
Alaska	Anchorage Municipality	505.63
Arizona	Yuma County	623.34
Arizona	Yavapai County	926.71
Arizona	Santa Cruz County	385.79
Arizona	Pinal County	511.29
Arizona	Pima County	684.87
Arizona	Navajo County	1045.2
Arizona	Mohave County	1450.13
Arizona	Maricopa County	678.39
Arizona	La Paz County	623.34
Arizona	Greenlee County	741.53
Arizona	Graham County	787.72
Arizona	Gila County	1051.6
Arizona	Coconino County	755.95
Arizona	Cochise County	800.02
Arizona	Apache County	777.41
Arkansas	Yell County	1845.67
Arkansas	Woodruff County	1309.66
Arkansas	White County	1652.41
Arkansas	Washington County	1607.29
Arkansas	Van Buren County	1901.66
Arkansas	Union County	1230.82
Arkansas	Stone County	1572.68
Arkansas	Sharp County	2104.79
Arkansas	Sevier County	1498.18
Arkansas	Sebastian County	2693.73
Arkansas	Searcy County	1889.42
Arkansas	Scott County	2004.46
Arkansas	Saline County	2367.48
Arkansas	Saint Francis County	952.93
Arkansas	Randolph County	2017.36
Arkansas	Pulaski County	1656.36
Arkansas	Prairie County	1065.53
Arkansas	Pope County	2375.58
Arkansas	Polk County	1570.07
Arkansas	Poinsett County	1685.81
Arkansas	Pike County	1210.62
Arkansas	Phillips County	872.19
Arkansas	Perry County	1611.55
Arkansas	Ouachita County	1137.8
Arkansas	Newton County	2018.3
Arkansas	Nevada County	1171.21
Arkansas	Montgomery County	1574.44
Arkansas	Monroe County	743.45
Arkansas	Mississippi County	2147.87
Arkansas	Miller County	1180.81
Arkansas	Marion County	2594.11
Arkansas	Madison County	2227.29
Arkansas	Lonoke County	1915.61
Arkansas	Logan County	2328.39
Arkansas	Little River County	1609.7
Arkansas	Lincoln County	855.28
Arkansas	Lee County	765.81
Arkansas	Lawrence County	1808.38
Arkansas	Lafayette County	1051.05
Arkansas	Johnson County	2301.04
Arkansas	Jefferson County	1191.7
Arkansas	Jackson County	1800.27
Arkansas	Izard County	2396.46
Arkansas	Independence County	1765.43
Arkansas	Howard County	1453.33
Arkansas	Hot Spring County	1552.43
Arkansas	Hempstead County	1235.51
Arkansas	Greene County	1810.85
Arkansas	Grant County	1721.34
Arkansas	Garland County	1920.64
Arkansas	Fulton County	2229.38
Arkansas	Franklin County	3543.91
Arkansas	Faulkner County	1953.99
Arkansas	Drew County	1009.01
Arkansas	Desha County	903.37
Arkansas	Dallas County	1084.57
Arkansas	Cross County	1409.86
Arkansas	Crittenden County	1191.12
Arkansas	Crawford County	3034.48
Arkansas	Craighead County	1427.12
Arkansas	Conway County	2132.86
Arkansas	Columbia County	1032.51
Arkansas	Cleveland County	929.45
Arkansas	Cleburne County	1399.41
Arkansas	Clay County	1461.15
Arkansas	Clark County	1195.6
Arkansas	Chicot County	922.36
Arkansas	Carroll County	2506.57
Arkansas	Calhoun County	1049.91
Arkansas	Bradley County	820.68
Arkansas	Boone County	1987.63
Arkansas	Benton County	2227.94
Arkansas	Baxter County	2332.89
Arkansas	Ashley County	1071.46
Arkansas	Arkansas County	1053.33
California	Yuba County	435.8
California	Yolo County	304.83
California	Ventura County	405.85
California	Tuolumne County	828.22
California	Tulare County	166.68
California	Trinity County	719.88
California	Tehama County	677.18
California	Sutter County	449.1
California	Stanislaus County	410.56
California	Sonoma County	381.6
California	Solano County	432.5
California	Siskiyou County	744.9
California	Sierra County	999.02
California	Shasta County	965.37
California	Santa Cruz County	480.34
California	Santa Clara County	260.07
California	Santa Barbara County	251.23
California	San Mateo County	157.45
California	San Luis Obispo County	292.85
California	San Joaquin County	249.3
California	San Francisco County	159.77
California	San Diego County	177.46
California	San Bernardino County	364.37
California	San Benito County	275.3
California	Sacramento County	457.51
California	Riverside County	327.1
California	Plumas County	1378.46
California	Placer County	330.19
California	Orange County	179.82
California	Nevada County	550.89
California	Napa County	466.91
California	Monterey County	192.68
California	Mono County	413.39
California	Modoc County	1073.4
California	Merced County	280.31
California	Mendocino County	622.9
California	Mariposa County	454.09
California	Marin County	236.21
California	Madera County	323.99
California	Los Angeles County	68.71
California	Lassen County	917.28
California	Lake County	955.13
California	Kings County	241.75
California	Kern County	556.19
California	Inyo County	577.88
California	Imperial County	241.57
California	Humboldt County	614.6
California	Glenn County	1033.18
California	Fresno County	254.92
California	El Dorado County	784.38
California	Del Norte County	439.13
California	Contra Costa County	294.9
California	Colusa County	397.06
California	Calaveras County	350.42
California	Butte County	1274.98
California	Amador County	741.11
California	Alpine County	758.95
California	Alameda County	156.07
Colorado	Yuma County	622.53
Colorado	Weld County	797.22
Colorado	Washington County	766.18
Colorado	Teller County	1068.33
Colorado	Summit County	794.47
Colorado	Sedgwick County	822.04
Colorado	San Miguel County	566.37
Colorado	San Juan County	636.38
Colorado	Saguache County	825.53
Colorado	Routt County	1001.3
Colorado	Rio Grande County	753.8
Colorado	Rio Blanco County	1232.79
Colorado	Pueblo County	1177.89
Colorado	Prowers County	1112.07
Colorado	Pitkin County	399.62
Colorado	Phillips County	830.44
Colorado	Park County	990.03
Colorado	Ouray County	624.61
Colorado	Otero County	1677.38
Colorado	Morgan County	969.75
Colorado	Montrose County	827.22
Colorado	Montezuma County	460.33
Colorado	Moffat County	1482.94
Colorado	Mineral County	591.29
Colorado	Mesa County	1012.73
Colorado	Logan County	999.66
Colorado	Lincoln County	1043.13
Colorado	Las Animas County	1537.06
Colorado	Larimer County	1398.31
Colorado	Lake County	745.12
Colorado	La Plata County	330.08
Colorado	Kit Carson County	885.25
Colorado	Kiowa County	1134.22
Colorado	Jefferson County	797.22
Colorado	Jackson County	1795.77
Colorado	Huerfano County	1251.5
Colorado	Hinsdale County	666.81
Colorado	Gunnison County	617.7
Colorado	Grand County	1145.95
Colorado	Gilpin County	1162.27
Colorado	Garfield County	906.32
Colorado	Fremont County	898.84
Colorado	Elbert County	955.02
Colorado	El Paso County	1381.35
Colorado	Eagle County	603.84
Colorado	Douglas County	956.76
Colorado	Dolores County	617.18
Colorado	Denver County	797.22
Colorado	Delta County	782.97
Colorado	Custer County	1120.63
Colorado	Crowley County	1096.67
Colorado	Costilla County	1297.5
Colorado	Conejos County	939.68
Colorado	Clear Creek County	1016.39
Colorado	Cheyenne County	855.32
Colorado	Chaffee County	712.82
Colorado	Broomfield County	797.22
Colorado	Boulder County	797.22
Colorado	Bent County	1428.65
Colorado	Baca County	1097.36
Colorado	Archuleta County	621.42
Colorado	Arapahoe County	797.22
Colorado	Alamosa County	1275.96
Colorado	Adams County	797.22
Connecticut	Windham County	1645.54
Connecticut	Tolland County	1411.75
Connecticut	New London County	1217.95
Connecticut	New Haven County	846.64
Connecticut	Middlesex County	1303.64
Connecticut	Litchfield County	1476.44
Connecticut	Hartford County	936.45
Connecticut	Fairfield County	460.88
Delaware	Sussex County	1511.96
Delaware	New Castle County	665.9
Delaware	Kent County	1572.48
District of Columbia	District of Columbia	167.33
Florida	Washington County	1004.09
Florida	Walton County	916.99
Florida	Wakulla County	841.21
Florida	Volusia County	1088.25
Florida	Union County	804.89
Florida	Taylor County	725.57
Florida	Suwannee County	999
Florida	Sumter County	1271.7
Florida	Seminole County	1048.14
Florida	Sarasota County	838.97
Florida	Santa Rosa County	998.67
Florida	Saint Lucie County	1261.88
Florida	Saint Johns County	751.14
Florida	Putnam County	1459.93
Florida	Polk County	1629.76
Florida	Pinellas County	1166.64
Florida	Pasco County	1996.33
Florida	Palm Beach County	899.86
Florida	Osceola County	1083.98
Florida	Orange County	921.99
Florida	Okeechobee County	1725.48
Florida	Okaloosa County	1140.93
Florida	Nassau County	1693.53
Florida	Monroe County	482.81
Florida	Miami-Dade County	126.19
Florida	Martin County	1021.46
Florida	Marion County	1261.28
Florida	Manatee County	1247.02
Florida	Madison County	700.49
Florida	Liberty County	654.12
Florida	Levy County	1482.64
Florida	Leon County	456.68
Florida	Lee County	703.81
Florida	Lake County	1032.15
Florida	Lafayette County	1007.8
Florida	Jefferson County	860.02
Florida	Jackson County	727.13
Florida	Indian River County	1558.18
Florida	Holmes County	883.62
Florida	Hillsborough County	790.47
Florida	Highlands County	1448.91
Florida	Hernando County	2432.14
Florida	Hendry County	1097.13
Florida	Hardee County	1083.53
Florida	Hamilton County	974.5
Florida	Gulf County	1002.8
Florida	Glades County	1204.65
Florida	Gilchrist County	836.4
Florida	Gadsden County	536.33
Florida	Franklin County	1054.55
Florida	Flagler County	1421.82
Florida	Escambia County	1215.73
Florida	Duval County	1109.23
Florida	Dixie County	1217.67
Florida	DeSoto County	911.85
Florida	Columbia County	1410.42
Florida	Collier County	530.17
Florida	Clay County	1349.5
Florida	Citrus County	2343.29
Florida	Charlotte County	1288.46
Florida	Calhoun County	712.92
Florida	Broward County	406.89
Florida	Brevard County	1452.41
Florida	Bradford County	1189.09
Florida	Bay County	824.82
Florida	Baker County	1478.88
Florida	Alachua County	718.67
Georgia	Worth County	606.15
Georgia	Wilkinson County	1107.35
Georgia	Wilkes County	1397.7
Georgia	Wilcox County	698.91
Georgia	Whitfield County	1120.31
Georgia	White County	2403.1
Georgia	Wheeler County	738.38
Georgia	Webster County	459.19
Georgia	Wayne County	1541.34
Georgia	Washington County	1025.85
Georgia	Warren County	1441.95
Georgia	Ware County	2047.45
Georgia	Walton County	1461.4
Georgia	Walker County	1560.44
Georgia	Upson County	1088.43
Georgia	Union County	1745.94
Georgia	Twiggs County	1029.51
Georgia	Turner County	703.78
Georgia	Troup County	1307.14
Georgia	Treutlen County	826.07
Georgia	Towns County	2238.74
Georgia	Toombs County	984.43
Georgia	Tift County	504.42
Georgia	Thomas County	593.27
Georgia	Terrell County	514.28
Georgia	Telfair County	870.62
Georgia	Taylor County	905.45
Georgia	Tattnall County	1257.71
Georgia	Taliaferro County	1466.07
Georgia	Talbot County	1299.19
Georgia	Sumter County	480.65
Georgia	Stewart County	793.64
Georgia	Stephens County	2233.58
Georgia	Spalding County	1049.62
Georgia	Seminole County	703.09
Georgia	Screven County	840.08
Georgia	Schley County	582.68
Georgia	Rockdale County	796.91
Georgia	Richmond County	817.96
Georgia	Randolph County	515.89
Georgia	Rabun County	1791.55
Georgia	Quitman County	704.63
Georgia	Putnam County	1206
Georgia	Pulaski County	561.74
Georgia	Polk County	1392.52
Georgia	Pike County	1162.42
Georgia	Pierce County	1276.22
Georgia	Pickens County	1429.35
Georgia	Peach County	891.55
Georgia	Paulding County	1406.04
Georgia	Oglethorpe County	1444.42
Georgia	Oconee County	1013.26
Georgia	Newton County	1055.61
Georgia	Muscogee County	752.6
Georgia	Murray County	2497.76
Georgia	Morgan County	1734.21
Georgia	Montgomery County	884.05
Georgia	Monroe County	1040.85
Georgia	Mitchell County	763.58
Georgia	Miller County	764.9
Georgia	Meriwether County	1327.16
Georgia	McIntosh County	1529.95
Georgia	McDuffie County	1060.96
Georgia	Marion County	679.91
Georgia	Madison County	2020.92
Georgia	Macon County	756.17
Georgia	Lumpkin County	1844.79
Georgia	Lowndes County	719.9
Georgia	Long County	1269.47
Georgia	Lincoln County	1311.61
Georgia	Liberty County	1090.32
Georgia	Lee County	580.48
Georgia	Laurens County	1090.25
Georgia	Lanier County	757.1
Georgia	Lamar County	1458.45
Georgia	Jones County	1002.59
Georgia	Johnson County	751.49
Georgia	Jenkins County	817.31
Georgia	Jefferson County	1173.74
Georgia	Jeff Davis County	1472.33
Georgia	Jasper County	1499.32
Georgia	Jackson County	1378.02
Georgia	Irwin County	809.32
Georgia	Houston County	579.16
Georgia	Henry County	741.62
Georgia	Heard County	1540.44
Georgia	Hart County	1408.13
Georgia	Harris County	952.96
Georgia	Haralson County	2075.47
Georgia	Hancock County	1206.31
Georgia	Hall County	1440.93
Georgia	Habersham County	1517.38
Georgia	Gwinnett County	696.74
Georgia	Greene County	1121.02
Georgia	Grady County	605.73
Georgia	Gordon County	1564.94
Georgia	Glynn County	1365.8
Georgia	Glascock County	870.66
Georgia	Gilmer County	1629.96
Georgia	Fulton County	367.66
Georgia	Franklin County	2402.54
Georgia	Forsyth County	994.63
Georgia	Floyd County	1333.05
Georgia	Fayette County	834.85
Georgia	Fannin County	2318.96
Georgia	Evans County	1195.32
Georgia	Emanuel County	988.85
Georgia	Elbert County	1631.03
Georgia	Effingham County	981.1
Georgia	Echols County	1012.85
Georgia	Early County	759.31
Georgia	Douglas County	998.51
Georgia	Dougherty County	592.46
Georgia	Dooly County	483.93
Georgia	Dodge County	800.2
Georgia	DeKalb County	501.4
Georgia	Decatur County	639.93
Georgia	Dawson County	1667.71
Georgia	Dade County	1511.47
Georgia	Crisp County	566.71
Georgia	Crawford County	1074.72
Georgia	Coweta County	919.48
Georgia	Cook County	877.82
Georgia	Columbia County	687.17
Georgia	Colquitt County	763.35
Georgia	Coffee County	1245.18
Georgia	Cobb County	1140.79
Georgia	Clinch County	1198.89
Georgia	Clayton County	367.31
Georgia	Clay County	857.16
Georgia	Clarke County	969.22
Georgia	Cherokee County	1228.04
Georgia	Chattooga County	1478.65
Georgia	Chattahoochee County	642.81
Georgia	Chatham County	873.8
Georgia	Charlton County	1708.49
Georgia	Catoosa County	1947.72
Georgia	Carroll County	1297.48
Georgia	Candler County	1376.94
Georgia	Camden County	1492.08
Georgia	Calhoun County	591.44
Georgia	Butts County	1588.52
Georgia	Burke County	1007.19
Georgia	Bulloch County	839.32
Georgia	Bryan County	896.64
Georgia	Brooks County	665.42
Georgia	Brantley County	1760.7
Georgia	Bleckley County	720.79
Georgia	Bibb County	692.23
Georgia	Berrien County	724.03
Georgia	Ben Hill County	854.83
Georgia	Bartow County	1176.01
Georgia	Barrow County	1344.47
Georgia	Banks County	1690.37
Georgia	Baldwin County	977.41
Georgia	Baker County	440.03
Georgia	Bacon County	1361.53
Georgia	Atkinson County	1271.34
Georgia	Appling County	1190.15
Hawaii	Maui County	976.79
Hawaii	Kauai County	598.54
Hawaii	Kalawao County	976.79
Hawaii	Honolulu County	1605.98
Hawaii	Hawaii County	484.36
Idaho	Washington County	801.31
Idaho	Valley County	835.01
Idaho	Twin Falls County	672.44
Idaho	Teton County	931.85
Idaho	Shoshone County	1179.87
Idaho	Power County	1068.38
Idaho	Payette County	618.35
Idaho	Owyhee County	897.31
Idaho	Oneida County	1070.01
Idaho	Nez Perce County	702.05
Idaho	Minidoka County	504.92
Idaho	Madison County	827.56
Idaho	Lincoln County	583.36
Idaho	Lewis County	629.38
Idaho	Lemhi County	982.61
Idaho	Latah County	681.19
Idaho	Kootenai County	816.85
Idaho	Jerome County	526.35
Idaho	Jefferson County	814.37
Idaho	Idaho County	892.96
Idaho	Gooding County	447.5
Idaho	Gem County	864.14
Idaho	Fremont County	853.66
Idaho	Franklin County	1266.8
Idaho	Elmore County	681.24
Idaho	Custer County	917.27
Idaho	Clearwater County	1020.55
Idaho	Clark County	880.31
Idaho	Cassia County	902.34
Idaho	Caribou County	1564.3
Idaho	Canyon County	700.75
Idaho	Camas County	646.96
Idaho	Butte County	970.17
Idaho	Boundary County	1449.87
Idaho	Bonneville County	1859.19
Idaho	Bonner County	781.71
Idaho	Boise County	740.33
Idaho	Blaine County	614.97
Idaho	Bingham County	1182.32
Idaho	Benewah County	774.6
Idaho	Bear Lake County	1657.08
Idaho	Bannock County	1013.42
Idaho	Adams County	906.28
Idaho	Ada County	715.03
Illinois	Woodford County	1665.1
Illinois	Winnebago County	1928.68
Illinois	Williamson County	2063.41
Illinois	Will County	1055
Illinois	Whiteside County	1340.7
Illinois	White County	1589.16
Illinois	Wayne County	1362.44
Illinois	Washington County	1199.9
Illinois	Warren County	1073.52
Illinois	Wabash County	1459.22
Illinois	Vermilion County	2029.66
Illinois	Union County	1827.92
Illinois	Tazewell County	2225.81
Illinois	Stephenson County	1319.25
Illinois	Stark County	1375.29
Illinois	Shelby County	1251.68
Illinois	Scott County	1531.31
Illinois	Schuyler County	1227.12
Illinois	Sangamon County	2030.1
Illinois	Saline County	2301.13
Illinois	Saint Clair County	1229.38
Illinois	Rock Island County	831.74
Illinois	Richland County	1288.84
Illinois	Randolph County	2046.26
Illinois	Putnam County	1455.61
Illinois	Pulaski County	1771.43
Illinois	Pope County	2121.3
Illinois	Pike County	1604.65
Illinois	Piatt County	1355.79
Illinois	Perry County	1897.87
Illinois	Peoria County	1566.17
Illinois	Ogle County	1569.08
Illinois	Moultrie County	1198.77
Illinois	Morgan County	1423.61
Illinois	Montgomery County	1940.43
Illinois	Monroe County	1701.94
Illinois	Mercer County	1034.06
Illinois	Menard County	1623.48
Illinois	McLean County	1591.98
Illinois	McHenry County	1087.22
Illinois	McDonough County	910.47
Illinois	Massac County	2232.8
Illinois	Mason County	1665.74
Illinois	Marshall County	1848.16
Illinois	Marion County	1638.64
Illinois	Madison County	1991.39
Illinois	Macoupin County	1633.83
Illinois	Macon County	1441.31
Illinois	Logan County	1447.62
Illinois	Livingston County	1493.3
Illinois	Lee County	2037.95
Illinois	Lawrence County	1843.2
Illinois	LaSalle County	1876.71
Illinois	Lake County	1003.71
Illinois	Knox County	1465.03
Illinois	Kendall County	1203.6
Illinois	Kankakee County	1159.22
Illinois	Kane County	551.06
Illinois	Johnson County	1952.25
Illinois	Jo Daviess County	1252.34
Illinois	Jersey County	2073.08
Illinois	Jefferson County	1637.39
Illinois	Jasper County	1164.99
Illinois	Jackson County	1591.66
Illinois	Iroquois County	1778.59
Illinois	Henry County	1035.83
Illinois	Henderson County	1117.05
Illinois	Hardin County	2012.46
Illinois	Hancock County	1039.58
Illinois	Hamilton County	1364.75
Illinois	Grundy County	1637.22
Illinois	Greene County	1627.48
Illinois	Gallatin County	2153.03
Illinois	Fulton County	1383.49
Illinois	Franklin County	2032.9
Illinois	Ford County	1678.56
Illinois	Fayette County	1321.09
Illinois	Effingham County	1155.79
Illinois	Edwards County	1478.53
Illinois	Edgar County	1435.4
Illinois	DuPage County	776.37
Illinois	Douglas County	1220.2
Illinois	DeKalb County	1336.2
Illinois	De Witt County	1804.49
Illinois	Cumberland County	1125.42
Illinois	Crawford County	1849.35
Illinois	Cook County	412.05
Illinois	Coles County	1049.75
Illinois	Clinton County	1277.26
Illinois	Clay County	1087.8
Illinois	Clark County	1834.74
Illinois	Christian County	1786.77
Illinois	Champaign County	1369.25
Illinois	Cass County	1518.59
Illinois	Carroll County	1078.45
Illinois	Calhoun County	1802.29
Illinois	Bureau County	1620.72
Illinois	Brown County	1115.42
Illinois	Boone County	1641.77
Illinois	Bond County	1256.29
Illinois	Alexander County	1392.87
Illinois	Adams County	1608.34
Indiana	Whitley County	2090.06
Indiana	White County	2364.93
Indiana	Wells County	3585.92
Indiana	Wayne County	4047.47
Indiana	Washington County	3686.15
Indiana	Warrick County	1646.07
Indiana	Warren County	1688.87
Indiana	Wabash County	3303.02
Indiana	Vigo County	2207.15
Indiana	Vermillion County	1800.3
Indiana	Vanderburgh County	1892.2
Indiana	Union County	4047.4
Indiana	Tipton County	3302.57
Indiana	Tippecanoe County	2241.63
Indiana	Switzerland County	4409.77
Indiana	Sullivan County	2750.74
Indiana	Steuben County	2117.96
Indiana	Starke County	2988.1
Indiana	Spencer County	1480
Indiana	Shelby County	3706.11
Indiana	Scott County	6181.56
Indiana	Saint Joseph County	1789.82
Indiana	Rush County	3495.61
Indiana	Ripley County	3478.27
Indiana	Randolph County	4084.09
Indiana	Putnam County	2689.36
Indiana	Pulaski County	2714.94
Indiana	Posey County	1509.13
Indiana	Porter County	2075.02
Indiana	Pike County	1526.99
Indiana	Perry County	2001.21
Indiana	Parke County	1945.1
Indiana	Owen County	3326.09
Indiana	Orange County	2349.02
Indiana	Ohio County	4229.88
Indiana	Noble County	2520.39
Indiana	Newton County	1530.22
Indiana	Morgan County	3874.56
Indiana	Montgomery County	3366.31
Indiana	Monroe County	3231.08
Indiana	Miami County	2167.93
Indiana	Martin County	2160.97
Indiana	Marshall County	2068.34
Indiana	Marion County	2637.69
Indiana	Madison County	3455.88
Indiana	Lawrence County	2342.32
Indiana	LaPorte County	2842.82
Indiana	Lake County	970.38
Indiana	LaGrange County	1547.46
Indiana	Kosciusko County	2378.6
Indiana	Knox County	1565.48
Indiana	Johnson County	2201.84
Indiana	Jennings County	5064.36
Indiana	Jefferson County	4030.9
Indiana	Jay County	3636.1
Indiana	Jasper County	1861.5
Indiana	Jackson County	5144.6
Indiana	Huntington County	3305.41
Indiana	Howard County	1716.27
Indiana	Henry County	4226.38
Indiana	Hendricks County	2121.74
Indiana	Harrison County	2789.89
Indiana	Hancock County	3812.45
Indiana	Hamilton County	2151.46
Indiana	Greene County	2748.42
Indiana	Grant County	3339.92
Indiana	Gibson County	1348.82
Indiana	Fulton County	2608.61
Indiana	Franklin County	3609.39
Indiana	Fountain County	2080.72
Indiana	Floyd County	3412.15
Indiana	Fayette County	4798.36
Indiana	Elkhart County	1971.9
Indiana	Dubois County	1661.39
Indiana	Delaware County	3039.05
Indiana	DeKalb County	2152.04
Indiana	Decatur County	3159.29
Indiana	Dearborn County	3512.55
Indiana	Daviess County	1818.71
Indiana	Crawford County	2720.39
Indiana	Clinton County	3134.93
Indiana	Clay County	2318.11
Indiana	Clark County	3902.86
Indiana	Cass County	1932.25
Indiana	Carroll County	1924.56
Indiana	Brown County	3193.63
Indiana	Boone County	3471
Indiana	Blackford County	3250.88
Indiana	Benton County	2104.08
Indiana	Bartholomew County	4091.19
Indiana	Allen County	2364.44
Indiana	Adams County	2793.97
Iowa	Wright County	836.81
Iowa	Worth County	825.69
Iowa	Woodbury County	1074.8
Iowa	Winneshiek County	701.82
Iowa	Winnebago County	633.59
Iowa	Webster County	1174.55
Iowa	Wayne County	1200.22
Iowa	Washington County	1137.16
Iowa	Warren County	1397.17
Iowa	Wapello County	1011.1
Iowa	Van Buren County	1020.65
Iowa	Union County	1172.56
Iowa	Taylor County	1077.13
Iowa	Tama County	1135.76
Iowa	Story County	1272.83
Iowa	Sioux County	389.63
Iowa	Shelby County	884.39
Iowa	Scott County	1564.04
Iowa	Sac County	780.42
Iowa	Ringgold County	1276.28
Iowa	Poweshiek County	1303.19
Iowa	Pottawattamie County	1433.76
Iowa	Polk County	1403.22
Iowa	Pocahontas County	626
Iowa	Plymouth County	718.64
Iowa	Palo Alto County	700.35
Iowa	Page County	1042.31
Iowa	Osceola County	481.75
Iowa	O'Brien County	530.62
Iowa	Muscatine County	962.73
Iowa	Montgomery County	1523.93
Iowa	Monroe County	1314.83
Iowa	Monona County	1238.04
Iowa	Mitchell County	683.36
Iowa	Mills County	1240.52
Iowa	Marshall County	1359
Iowa	Marion County	1344.48
Iowa	Mahaska County	937.04
Iowa	Madison County	1205.41
Iowa	Lyon County	628.26
Iowa	Lucas County	1227.97
Iowa	Louisa County	1161.3
Iowa	Linn County	1207.56
Iowa	Lee County	1419.37
Iowa	Kossuth County	562.02
Iowa	Keokuk County	896.56
Iowa	Jones County	797.66
Iowa	Johnson County	1169.39
Iowa	Jefferson County	1118.59
Iowa	Jasper County	1280.6
Iowa	Jackson County	1167.06
Iowa	Iowa County	990.17
Iowa	Ida County	776.59
Iowa	Humboldt County	696.08
Iowa	Howard County	766.79
Iowa	Henry County	963.73
Iowa	Harrison County	1176.7
Iowa	Hardin County	865.47
Iowa	Hancock County	702.55
Iowa	Hamilton County	999.64
Iowa	Guthrie County	753.51
Iowa	Grundy County	994.88
Iowa	Greene County	1090.95
Iowa	Fremont County	1052.77
Iowa	Franklin County	767.27
Iowa	Floyd County	812.51
Iowa	Fayette County	841.97
Iowa	Emmet County	640.42
Iowa	Dubuque County	967.39
Iowa	Dickinson County	654.86
Iowa	Des Moines County	1339.8
Iowa	Delaware County	798.55
Iowa	Decatur County	1360.65
Iowa	Davis County	1061.57
Iowa	Dallas County	1029.11
Iowa	Crawford County	875.02
Iowa	Clinton County	772.4
Iowa	Clayton County	897.91
Iowa	Clay County	600.33
Iowa	Clarke County	1545.04
Iowa	Chickasaw County	687.17
Iowa	Cherokee County	694.79
Iowa	Cerro Gordo County	1294.78
Iowa	Cedar County	1019.06
Iowa	Cass County	992.45
Iowa	Carroll County	887.71
Iowa	Calhoun County	704.2
Iowa	Butler County	786.18
Iowa	Buena Vista County	582.02
Iowa	Buchanan County	887.83
Iowa	Bremer County	728.06
Iowa	Boone County	1337.54
Iowa	Black Hawk County	990.71
Iowa	Benton County	694.08
Iowa	Audubon County	812.35
Iowa	Appanoose County	1532.78
Iowa	Allamakee County	870.1
Iowa	Adams County	1245.25
Iowa	Adair County	1079.57
Kansas	Wyandotte County	875.3
Kansas	Woodson County	2190.09
Kansas	Wilson County	2339.39
Kansas	Wichita County	989.32
Kansas	Washington County	780.08
Kansas	Wallace County	855.98
Kansas	Wabaunsee County	1303.57
Kansas	Trego County	971.67
Kansas	Thomas County	914.12
Kansas	Sumner County	2024.25
Kansas	Stevens County	951.33
Kansas	Stanton County	954.09
Kansas	Stafford County	1344.33
Kansas	Smith County	855.63
Kansas	Sherman County	736.64
Kansas	Sheridan County	758.13
Kansas	Shawnee County	1419.09
Kansas	Seward County	939.92
Kansas	Sedgwick County	1895.57
Kansas	Scott County	982
Kansas	Saline County	1261.06
Kansas	Russell County	961.49
Kansas	Rush County	904.46
Kansas	Rooks County	857.49
Kansas	Riley County	836.95
Kansas	Rice County	1269.26
Kansas	Republic County	905.48
Kansas	Reno County	1629.3
Kansas	Rawlins County	556.16
Kansas	Pratt County	1637.45
Kansas	Pottawatomie County	983.58
Kansas	Phillips County	817.53
Kansas	Pawnee County	1089.78
Kansas	Ottawa County	1110.68
Kansas	Osborne County	879.01
Kansas	Osage County	1599.59
Kansas	Norton County	819.22
Kansas	Ness County	837.88
Kansas	Neosho County	1916.2
Kansas	Nemaha County	834.34
Kansas	Morton County	1398.1
Kansas	Morris County	1235.3
Kansas	Montgomery County	1681.61
Kansas	Mitchell County	932.83
Kansas	Miami County	1905.2
Kansas	Meade County	848.03
Kansas	McPherson County	1364.1
Kansas	Marshall County	696.73
Kansas	Marion County	1325.37
Kansas	Lyon County	1101.49
Kansas	Logan County	1041.9
Kansas	Linn County	1984.85
Kansas	Lincoln County	1028.09
Kansas	Leavenworth County	1325.28
Kansas	Lane County	853.36
Kansas	Labette County	2174.81
Kansas	Kiowa County	1258.34
Kansas	Kingman County	1710.22
Kansas	Kearny County	1017.93
Kansas	Johnson County	1065.3
Kansas	Jewell County	870.86
Kansas	Jefferson County	1226.99
Kansas	Jackson County	963.99
Kansas	Hodgeman County	843.52
Kansas	Haskell County	831.41
Kansas	Harvey County	1503.92
Kansas	Harper County	2123.38
Kansas	Hamilton County	1219.02
Kansas	Greenwood County	2224.12
Kansas	Greeley County	1135.95
Kansas	Gray County	905.98
Kansas	Grant County	827.04
Kansas	Graham County	961.12
Kansas	Gove County	891.49
Kansas	Geary County	1366.79
Kansas	Franklin County	1786.99
Kansas	Ford County	730.92
Kansas	Finney County	1038.75
Kansas	Ellsworth County	1072.56
Kansas	Ellis County	860.15
Kansas	Elk County	2105.19
Kansas	Edwards County	1072.48
Kansas	Douglas County	1410.39
Kansas	Doniphan County	1033.41
Kansas	Dickinson County	1281.68
Kansas	Decatur County	879.75
Kansas	Crawford County	1852.63
Kansas	Cowley County	1994.75
Kansas	Comanche County	1727.92
Kansas	Coffey County	2000.2
Kansas	Cloud County	1021.84
Kansas	Clay County	1074.36
Kansas	Clark County	1423.58
Kansas	Cheyenne County	635.12
Kansas	Cherokee County	2441.6
Kansas	Chautauqua County	2304.48
Kansas	Chase County	1459.6
Kansas	Butler County	2025.57
Kansas	Brown County	1308.29
Kansas	Bourbon County	2057.04
Kansas	Barton County	1002.19
Kansas	Barber County	1707.58
Kansas	Atchison County	1300.48
Kansas	Anderson County	1691.48
Kansas	Allen County	1900.09
Kentucky	Woodford County	2714.67
Kentucky	Wolfe County	5751.31
Kentucky	Whitley County	3915.22
Kentucky	Webster County	2016.81
Kentucky	Wayne County	2290.57
Kentucky	Washington County	2334.18
Kentucky	Warren County	1881.57
Kentucky	Union County	2895.77
Kentucky	Trimble County	3597.48
Kentucky	Trigg County	2484.19
Kentucky	Todd County	2024.14
Kentucky	Taylor County	2477
Kentucky	Spencer County	2571.15
Kentucky	Simpson County	1950.94
Kentucky	Shelby County	2079.27
Kentucky	Scott County	2731.71
Kentucky	Russell County	2878.26
Kentucky	Rowan County	3690.13
Kentucky	Rockcastle County	3204.3
Kentucky	Robertson County	4847.42
Kentucky	Pulaski County	2513.9
Kentucky	Powell County	5898.67
Kentucky	Pike County	4363.73
Kentucky	Perry County	4927.27
Kentucky	Pendleton County	5000.13
Kentucky	Owsley County	5148.81
Kentucky	Owen County	4731.34
Kentucky	Oldham County	2573.53
Kentucky	Ohio County	2356.55
Kentucky	Nicholas County	5118.1
Kentucky	Nelson County	2677.25
Kentucky	Muhlenberg County	2620.5
Kentucky	Morgan County	3202.18
Kentucky	Montgomery County	4033.97
Kentucky	Monroe County	2477.98
Kentucky	Metcalfe County	1855.28
Kentucky	Mercer County	2846.47
Kentucky	Menifee County	4130.73
Kentucky	Meade County	2752.03
Kentucky	McLean County	2071.7
Kentucky	McCreary County	2236.35
Kentucky	McCracken County	2311.65
Kentucky	Mason County	4223.96
Kentucky	Martin County	4949.01
Kentucky	Marshall County	3332.47
Kentucky	Marion County	2408.76
Kentucky	Magoffin County	4401.01
Kentucky	Madison County	3233.5
Kentucky	Lyon County	2664.07
Kentucky	Logan County	2000.33
Kentucky	Livingston County	2876.66
Kentucky	Lincoln County	2544.81
Kentucky	Lewis County	3567.8
Kentucky	Letcher County	3988.93
Kentucky	Leslie County	5466.91
Kentucky	Lee County	5623.7
Kentucky	Lawrence County	3611.24
Kentucky	Laurel County	3104.36
Kentucky	Larue County	2248.43
Kentucky	Knox County	3295.26
Kentucky	Knott County	5183.25
Kentucky	Kenton County	2989.91
Kentucky	Johnson County	3835.4
Kentucky	Jessamine County	2525.06
Kentucky	Jefferson County	1629.3
Kentucky	Jackson County	2719.19
Kentucky	Hopkins County	2490.32
Kentucky	Hickman County	1472.69
Kentucky	Henry County	3282.82
Kentucky	Henderson County	1863.85
Kentucky	Hart County	1960.3
Kentucky	Harrison County	4433.42
Kentucky	Harlan County	3777.5
Kentucky	Hardin County	2629.38
Kentucky	Hancock County	1761.25
Kentucky	Greenup County	4057.19
Kentucky	Green County	1787.57
Kentucky	Grayson County	2895.09
Kentucky	Graves County	2045.23
Kentucky	Grant County	5192.98
Kentucky	Garrard County	3538.46
Kentucky	Gallatin County	5770.03
Kentucky	Fulton County	1227.19
Kentucky	Franklin County	2902.91
Kentucky	Floyd County	4729.91
Kentucky	Fleming County	4365.87
Kentucky	Fayette County	2561.14
Kentucky	Estill County	5181.74
Kentucky	Elliott County	3200.41
Kentucky	Edmonson County	1611.25
Kentucky	Daviess County	1781.4
Kentucky	Cumberland County	2585.02
Kentucky	Crittenden County	2280.59
Kentucky	Clinton County	2838.43
Kentucky	Clay County	3979.08
Kentucky	Clark County	4891.09
Kentucky	Christian County	1737.72
Kentucky	Casey County	2442.14
Kentucky	Carter County	3227.48
Kentucky	Carroll County	5256.84
Kentucky	Carlisle County	1569.26
Kentucky	Campbell County	4520.28
Kentucky	Calloway County	2134.47
Kentucky	Caldwell County	2178.8
Kentucky	Butler County	2099.27
Kentucky	Bullitt County	3378.54
Kentucky	Breckinridge County	1966.52
Kentucky	Breathitt County	4950.12
Kentucky	Bracken County	4200.18
Kentucky	Boyle County	2151.54
Kentucky	Boyd County	2811.95
Kentucky	Bourbon County	3297.08
Kentucky	Boone County	4256.75
Kentucky	Bell County	2503.83
Kentucky	Bath County	4210.06
Kentucky	Barren County	1717.93
Kentucky	Ballard County	1428.76
Kentucky	Anderson County	3021.31
Kentucky	Allen County	1664.99
Kentucky	Adair County	2088.94
Louisiana	Winn Parish	1148.19
Louisiana	West Feliciana Parish	1511.61
Louisiana	West Carroll Parish	762.64
Louisiana	West Baton Rouge Parish	1683.27
Louisiana	Webster Parish	1025.87
Louisiana	Washington Parish	2339.68
Louisiana	Vernon Parish	1396.89
Louisiana	Vermilion Parish	1424.02
Louisiana	Union Parish	1008.33
Louisiana	Terrebonne Parish	2366.97
Louisiana	Tensas Parish	895.07
Louisiana	Tangipahoa Parish	2096.26
Louisiana	Saint Tammany Parish	2387.23
Louisiana	Saint Mary Parish	2437.85
Louisiana	Saint Martin Parish	1768.91
Louisiana	Saint Landry Parish	1627.82
Louisiana	Saint John the Baptist Parish	2656.91
Louisiana	Saint James Parish	1588.15
Louisiana	Saint Helena Parish	2809.32
Louisiana	Saint Charles Parish	2353.35
Louisiana	Saint Bernard Parish	1372.74
Louisiana	Sabine Parish	1123.59
Louisiana	Richland Parish	858.33
Louisiana	Red River Parish	971.27
Louisiana	Rapides Parish	1209.66
Louisiana	Pointe Coupee Parish	1430.64
Louisiana	Plaquemines Parish	2340.48
Louisiana	Ouachita Parish	1369.25
Louisiana	Orleans Parish	1156.39
Louisiana	Natchitoches Parish	1179.14
Louisiana	Morehouse Parish	1173.44
Louisiana	Madison Parish	985.01
Louisiana	Livingston Parish	3084.34
Louisiana	Lincoln Parish	1009.2
Louisiana	LaSalle Parish	1603.08
Louisiana	Lafourche Parish	2749.51
Louisiana	Lafayette Parish	1907.11
Louisiana	Jefferson Parish	2172.94
Louisiana	Jefferson Davis Parish	1212.6
Louisiana	Jackson Parish	1077.39
Louisiana	Iberville Parish	1578.42
Louisiana	Iberia Parish	2084.51
Louisiana	Grant Parish	1077.1
Louisiana	Franklin Parish	1095.27
Louisiana	Evangeline Parish	939.6
Louisiana	East Feliciana Parish	1851
Louisiana	East Carroll Parish	1108.92
Louisiana	East Baton Rouge Parish	1552.74
Louisiana	De Soto Parish	1234.84
Louisiana	Concordia Parish	1659.79
Louisiana	Claiborne Parish	978.92
Louisiana	Catahoula Parish	1672.14
Louisiana	Cameron Parish	1040.38
Louisiana	Caldwell Parish	1624.19
Louisiana	Calcasieu Parish	581.11
Louisiana	Caddo Parish	798.1
Louisiana	Bossier Parish	945.64
Louisiana	Bienville Parish	1365.06
Louisiana	Beauregard Parish	1462.68
Louisiana	Avoyelles Parish	1852.88
Louisiana	Assumption Parish	1618.59
Louisiana	Ascension Parish	1782.28
Louisiana	Allen Parish	1066.57
Louisiana	Acadia Parish	1033.51
Maine	York County	1492.21
Maine	Washington County	1665.25
Maine	Waldo County	1112.13
Maine	Somerset County	1606.3
Maine	Sagadahoc County	1064.74
Maine	Piscataquis County	1312.93
Maine	Penobscot County	1388.81
Maine	Oxford County	1342.15
Maine	Lincoln County	1098.66
Maine	Knox County	1065.67
Maine	Kennebec County	1212.08
Maine	Hancock County	1272.87
Maine	Franklin County	1419.59
Maine	Cumberland County	1020.95
Maine	Aroostook County	1264.29
Maine	Androscoggin County	1580.44
Maryland	Worcester County	920.11
Maryland	Wicomico County	901.31
Maryland	Washington County	1206.65
Maryland	Talbot County	758.82
Maryland	Somerset County	952.63
Maryland	Saint Mary's County	854.11
Maryland	Queen Anne's County	972.97
Maryland	Prince George's County	200.83
Maryland	Montgomery County	200.83
Maryland	Kent County	1049.71
Maryland	Howard County	385.4
Maryland	Harford County	801.69
Maryland	Garrett County	1422.37
Maryland	Frederick County	824.49
Maryland	Dorchester County	1052.3
Maryland	Charles County	718.12
Maryland	Cecil County	1352.9
Maryland	Carroll County	1127.56
Maryland	Caroline County	1314.54
Maryland	Calvert County	1008.57
Maryland	Baltimore County	716.54
Maryland	Baltimore City	235.91
Maryland	Anne Arundel County	748.1
Maryland	Allegany County	1775.99
Massachusetts	Worcester County	2246.04
Massachusetts	Suffolk County	1288.09
Massachusetts	Plymouth County	3239.22
Massachusetts	Norfolk County	2925.7
Massachusetts	Nantucket County	1856.68
Massachusetts	Middlesex County	2353.66
Massachusetts	Hampshire County	2603.49
Massachusetts	Hampden County	1850
Massachusetts	Franklin County	2449.5
Massachusetts	Essex County	2481.04
Massachusetts	Dukes County	2594.9
Massachusetts	Bristol County	3065.51
Massachusetts	Berkshire County	1912.92
Massachusetts	Barnstable County	3575.67
Michigan	Wexford County	1970.12
Michigan	Wayne County	248.78
Michigan	Washtenaw County	1008.53
Michigan	Van Buren County	1711.93
Michigan	Tuscola County	798.63
Michigan	Shiawassee County	1588.5
Michigan	Schoolcraft County	1631.95
Michigan	Sanilac County	1140.79
Michigan	Saint Joseph County	1537.5
Michigan	Saint Clair County	2593.39
Michigan	Saginaw County	448.36
Michigan	Roscommon County	1775.51
Michigan	Presque Isle County	1749.56
Michigan	Ottawa County	1001.55
Michigan	Otsego County	1777.67
Michigan	Oscoda County	1840.48
Michigan	Osceola County	1434.88
Michigan	Ontonagon County	1459.88
Michigan	Ogemaw County	1678.42
Michigan	Oceana County	1665.63
Michigan	Oakland County	758.06
Michigan	Newaygo County	1555.61
Michigan	Muskegon County	2086.9
Michigan	Montmorency County	1675.61
Michigan	Montcalm County	1437.76
Michigan	Monroe County	1709.04
Michigan	Missaukee County	1535.19
Michigan	Midland County	820.54
Michigan	Menominee County	1390.59
Michigan	Mecosta County	1172.49
Michigan	Mason County	1538.68
Michigan	Marquette County	1633.87
Michigan	Manistee County	1920.86
Michigan	Macomb County	922.67
Michigan	Mackinac County	1408.79
Michigan	Luce County	1424.17
Michigan	Livingston County	1721.92
Michigan	Lenawee County	1751.15
Michigan	Leelanau County	1234.06
Michigan	Lapeer County	1331.44
Michigan	Lake County	1713
Michigan	Keweenaw County	912.26
Michigan	Kent County	1274.02
Michigan	Kalkaska County	1900.62
Michigan	Kalamazoo County	1588.39
Michigan	Jackson County	2095.77
Michigan	Isabella County	1197.73
Michigan	Iron County	1534.81
Michigan	Iosco County	1248.25
Michigan	Ionia County	1989.86
Michigan	Ingham County	1751.11
Michigan	Huron County	1031.8
Michigan	Houghton County	1075.51
Michigan	Hillsdale County	1684.39
Michigan	Gratiot County	821.62
Michigan	Grand Traverse County	1543.99
Michigan	Gogebic County	1056.54
Michigan	Gladwin County	1439.1
Michigan	Genesee County	1418.13
Michigan	Emmet County	1048.51
Michigan	Eaton County	1669.45
Michigan	Dickinson County	1394.99
Michigan	Delta County	1277.51
Michigan	Crawford County	1801.68
Michigan	Clinton County	1402.95
Michigan	Clare County	1600.8
Michigan	Chippewa County	1939.55
Michigan	Cheboygan County	1787.82
Michigan	Charlevoix County	1170.75
Michigan	Cass County	1520.08
Michigan	Calhoun County	1948.62
Michigan	Branch County	1908.33
Michigan	Berrien County	1638.72
Michigan	Benzie County	1967.78
Michigan	Bay County	701.16
Michigan	Barry County	1487.26
Michigan	Baraga County	1556.88
Michigan	Arenac County	1327.55
Michigan	Antrim County	1599.81
Michigan	Alpena County	1616.13
Michigan	Allegan County	1923.18
Michigan	Alger County	1227.49
Michigan	Alcona County	1258.61
Minnesota	Yellow Medicine County	648.54
Minnesota	Wright County	1024.33
Minnesota	Winona County	1481.25
Minnesota	Wilkin County	1149.68
Minnesota	Watonwan County	452.82
Minnesota	Washington County	1212.1
Minnesota	Waseca County	597.49
Minnesota	Wadena County	924.18
Minnesota	Wabasha County	890.44
Minnesota	Traverse County	769.3
Minnesota	Todd County	918.1
Minnesota	Swift County	585.82
Minnesota	Stevens County	655.09
Minnesota	Steele County	832.38
Minnesota	Stearns County	1314.56
Minnesota	Sibley County	626.37
Minnesota	Sherburne County	1486.22
Minnesota	Scott County	687.59
Minnesota	Saint Louis County	1642.15
Minnesota	Roseau County	1018.58
Minnesota	Rock County	820.88
Minnesota	Rice County	784.71
Minnesota	Renville County	905.47
Minnesota	Redwood County	740.94
Minnesota	Red Lake County	1077.84
Minnesota	Ramsey County	1166.88
Minnesota	Pope County	744.89
Minnesota	Polk County	1707.16
Minnesota	Pipestone County	578.7
Minnesota	Pine County	1405.05
Minnesota	Pennington County	1353.12
Minnesota	Otter Tail County	890.52
Minnesota	Olmsted County	1542.71
Minnesota	Norman County	1018.61
Minnesota	Nobles County	482.18
Minnesota	Nicollet County	714.74
Minnesota	Murray County	636.77
Minnesota	Mower County	985.62
Minnesota	Morrison County	1311.88
Minnesota	Mille Lacs County	2063.21
Minnesota	Meeker County	950.89
Minnesota	McLeod County	817.31
Minnesota	Martin County	595.76
Minnesota	Marshall County	809.87
Minnesota	Mahnomen County	2075.37
Minnesota	Lyon County	750.14
Minnesota	Lincoln County	682.59
Minnesota	Le Sueur County	564.34
Minnesota	Lake of the Woods County	1549.16
Minnesota	Lake County	1687.19
Minnesota	Lac qui Parle County	604.5
Minnesota	Koochiching County	1247.01
Minnesota	Kittson County	1102.8
Minnesota	Kandiyohi County	738.28
Minnesota	Kanabec County	1372.05
Minnesota	Jackson County	483.79
Minnesota	Itasca County	1496
Minnesota	Isanti County	1409
Minnesota	Hubbard County	1172.58
Minnesota	Houston County	846.97
Minnesota	Hennepin County	766.67
Minnesota	Grant County	842.15
Minnesota	Goodhue County	871.84
Minnesota	Freeborn County	726.3
Minnesota	Fillmore County	1039.52
Minnesota	Faribault County	509.97
Minnesota	Douglas County	770.98
Minnesota	Dodge County	818.05
Minnesota	Dakota County	816.65
Minnesota	Crow Wing County	1734.9
Minnesota	Cottonwood County	589.34
Minnesota	Cook County	1267.36
Minnesota	Clearwater County	1508.39
Minnesota	Clay County	1619.73
Minnesota	Chisago County	1483.92
Minnesota	Chippewa County	750.76
Minnesota	Cass County	1655.16
Minnesota	Carver County	569.27
Minnesota	Carlton County	1853.71
Minnesota	Brown County	523.69
Minnesota	Blue Earth County	710.82
Minnesota	Big Stone County	856.24
Minnesota	Benton County	1661.78
Minnesota	Beltrami County	1853.87
Minnesota	Becker County	1201.55
Minnesota	Anoka County	1447.9
Minnesota	Aitkin County	1725.51
Mississippi	Yazoo County	925.88
Mississippi	Yalobusha County	1175.44
Mississippi	Winston County	1430.68
Mississippi	Wilkinson County	1840.26
Mississippi	Webster County	1403.46
Mississippi	Wayne County	1809.39
Mississippi	Washington County	822.57
Mississippi	Warren County	875.23
Mississippi	Walthall County	1530.53
Mississippi	Union County	987.26
Mississippi	Tunica County	1155.73
Mississippi	Tishomingo County	2766.16
Mississippi	Tippah County	825.23
Mississippi	Tate County	1427.72
Mississippi	Tallahatchie County	1045.54
Mississippi	Sunflower County	877.89
Mississippi	Stone County	2172.44
Mississippi	Smith County	1182.9
Mississippi	Simpson County	962.35
Mississippi	Sharkey County	666.76
Mississippi	Scott County	880.99
Mississippi	Rankin County	691.28
Mississippi	Quitman County	1274.74
Mississippi	Prentiss County	1315.57
Mississippi	Pontotoc County	1294.4
Mississippi	Pike County	1522.11
Mississippi	Perry County	2485.15
Mississippi	Pearl River County	1332.72
Mississippi	Panola County	1484.3
Mississippi	Oktibbeha County	745.81
Mississippi	Noxubee County	1270.81
Mississippi	Newton County	1218.02
Mississippi	Neshoba County	1289.81
Mississippi	Montgomery County	1287.45
Mississippi	Monroe County	1415.83
Mississippi	Marshall County	1265.21
Mississippi	Marion County	2104.57
Mississippi	Madison County	1496.99
Mississippi	Lowndes County	1535.39
Mississippi	Lincoln County	1798.13
Mississippi	Leflore County	1146.91
Mississippi	Lee County	1290.36
Mississippi	Leake County	1420.36
Mississippi	Lawrence County	1560.76
Mississippi	Lauderdale County	917.77
Mississippi	Lamar County	1468.53
Mississippi	Lafayette County	1107.22
Mississippi	Kemper County	1478.53
Mississippi	Jones County	1134.39
Mississippi	Jefferson Davis County	1816.1
Mississippi	Jefferson County	1150.81
Mississippi	Jasper County	1289.21
Mississippi	Jackson County	2275.12
Mississippi	Itawamba County	1706.26
Mississippi	Issaquena County	934.11
Mississippi	Humphreys County	843.58
Mississippi	Holmes County	1051.06
Mississippi	Hinds County	557.52
Mississippi	Harrison County	1443.9
Mississippi	Hancock County	1716.29
Mississippi	Grenada County	1412.94
Mississippi	Greene County	1280.71
Mississippi	George County	2071.64
Mississippi	Franklin County	1210.76
Mississippi	Forrest County	1526.67
Mississippi	DeSoto County	1537.32
Mississippi	Covington County	1454.71
Mississippi	Copiah County	1118.26
Mississippi	Coahoma County	1406.42
Mississippi	Clay County	1270.67
Mississippi	Clarke County	1767.97
Mississippi	Claiborne County	1040.62
Mississippi	Choctaw County	924.21
Mississippi	Chickasaw County	1196.37
Mississippi	Carroll County	1166.07
Mississippi	Calhoun County	1155.51
Mississippi	Bolivar County	852.44
Mississippi	Benton County	1224.39
Mississippi	Attala County	1068.48
Mississippi	Amite County	1928.17
Mississippi	Alcorn County	1796.63
Mississippi	Adams County	1115.39
Missouri	Wright County	1474.97
Missouri	Worth County	1100.39
Missouri	Webster County	2029.81
Missouri	Wayne County	2746.94
Missouri	Washington County	3926.67
Missouri	Warren County	3101.62
Missouri	Vernon County	2208.7
Missouri	Texas County	1724.48
Missouri	Taney County	2693.2
Missouri	Sullivan County	1785.14
Missouri	Stone County	2097
Missouri	Stoddard County	1845
Missouri	Shelby County	1434.55
Missouri	Shannon County	2097.36
Missouri	Scott County	1467.84
Missouri	Scotland County	1116.45
Missouri	Schuyler County	1121.12
Missouri	Saline County	1257.9
Missouri	Sainte Genevieve County	2993.49
Missouri	Saint Louis County	1197.46
Missouri	Saint Louis City	1081.68
Missouri	Saint Francois County	3639.41
Missouri	Saint Clair County	1846.49
Missouri	Saint Charles County	2114.27
Missouri	Ripley County	1941.48
Missouri	Reynolds County	2517.39
Missouri	Ray County	1641.06
Missouri	Randolph County	1356.19
Missouri	Ralls County	1524.01
Missouri	Putnam County	1229.08
Missouri	Pulaski County	1777.17
Missouri	Polk County	2542.74
Missouri	Platte County	1620.62
Missouri	Pike County	1774.43
Missouri	Phelps County	2331.22
Missouri	Pettis County	1281.86
Missouri	Perry County	1988.16
Missouri	Pemiscot County	2077.16
Missouri	Ozark County	2407.07
Missouri	Osage County	1641.3
Missouri	Oregon County	1906.43
Missouri	Nodaway County	1076.96
Missouri	Newton County	1818.08
Missouri	New Madrid County	1619.27
Missouri	Morgan County	1821.57
Missouri	Montgomery County	2384.85
Missouri	Monroe County	1459.77
Missouri	Moniteau County	1124.54
Missouri	Mississippi County	1325.53
Missouri	Miller County	1690.91
Missouri	Mercer County	1166.14
Missouri	McDonald County	2168.43
Missouri	Marion County	1566.41
Missouri	Maries County	1968.29
Missouri	Madison County	2600.25
Missouri	Macon County	1508.82
Missouri	Livingston County	2052.77
Missouri	Linn County	1543.64
Missouri	Lincoln County	2555.2
Missouri	Lewis County	1465.83
Missouri	Lawrence County	2812.07
Missouri	Lafayette County	1387.48
Missouri	Laclede County	1330.56
Missouri	Knox County	1405.05
Missouri	Johnson County	1088.53
Missouri	Jefferson County	4152.03
Missouri	Jasper County	1963.42
Missouri	Jackson County	1125.57
Missouri	Iron County	3147.59
Missouri	Howell County	2014.36
Missouri	Howard County	1414.46
Missouri	Holt County	1014
Missouri	Hickory County	2094.22
Missouri	Henry County	1526.65
Missouri	Harrison County	1465.88
Missouri	Grundy County	1433.45
Missouri	Greene County	2563.16
Missouri	Gentry County	1252.57
Missouri	Gasconade County	2450.78
Missouri	Franklin County	2891.66
Missouri	Dunklin County	2542.11
Missouri	Douglas County	2053.49
Missouri	Dent County	3521.97
Missouri	DeKalb County	1756.14
Missouri	Daviess County	1334.88
Missouri	Dallas County	1737.66
Missouri	Dade County	2454.05
Missouri	Crawford County	3129.73
Missouri	Cooper County	1288.13
Missouri	Cole County	1528.65
Missouri	Clinton County	2096.29
Missouri	Clay County	1473.86
Missouri	Clark County	1166.32
Missouri	Christian County	2189.26
Missouri	Chariton County	1457.21
Missouri	Cedar County	2089.51
Missouri	Cass County	2114.75
Missouri	Carter County	2416.77
Missouri	Carroll County	1541.83
Missouri	Cape Girardeau County	1251.04
Missouri	Camden County	1874.8
Missouri	Callaway County	2319.8
Missouri	Caldwell County	1789.88
Missouri	Butler County	2796.05
Missouri	Buchanan County	1572.5
Missouri	Boone County	1122.93
Missouri	Bollinger County	1625.42
Missouri	Benton County	1995.54
Missouri	Bates County	2498.64
Missouri	Barton County	2104.56
Missouri	Barry County	2201.5
Missouri	Audrain County	2077.35
Missouri	Atchison County	1036.16
Missouri	Andrew County	1328.03
Missouri	Adair County	1495.42
Montana	Yellowstone County	671.02
Montana	Wibaux County	1040.97
Montana	Wheatland County	799.74
Montana	Valley County	1035.49
Montana	Treasure County	712.2
Montana	Toole County	948.99
Montana	Teton County	943.72
Montana	Sweet Grass County	674.18
Montana	Stillwater County	629.96
Montana	Silver Bow County	1433.16
Montana	Sheridan County	1118.93
Montana	Sanders County	1248.1
Montana	Rosebud County	1140.88
Montana	Roosevelt County	1717.75
Montana	Richland County	1137.34
Montana	Ravalli County	874.81
Montana	Prairie County	962.24
Montana	Powell County	1507.52
Montana	Powder River County	1207.07
Montana	Pondera County	1005.37
Montana	Phillips County	814.31
Montana	Petroleum County	942.41
Montana	Park County	1174.78
Montana	Musselshell County	912.5
Montana	Missoula County	1103.96
Montana	Mineral County	1462.2
Montana	Meagher County	1098.69
Montana	McCone County	960.99
Montana	Madison County	899.58
Montana	Lincoln County	1287.34
Montana	Liberty County	1012.36
Montana	Lewis and Clark County	1007.91
Montana	Lake County	1157.89
Montana	Judith Basin County	882.39
Montana	Jefferson County	1134.72
Montana	Hill County	1219.68
Montana	Granite County	865.77
Montana	Golden Valley County	806.93
Montana	Glacier County	1496.9
Montana	Garfield County	958.16
Montana	Gallatin County	909.47
Montana	Flathead County	1278.38
Montana	Fergus County	760.09
Montana	Fallon County	1060.11
Montana	Deer Lodge County	1171.76
Montana	Dawson County	1463.57
Montana	Daniels County	980.08
Montana	Custer County	1067.17
Montana	Chouteau County	1161.29
Montana	Cascade County	1046.82
Montana	Carter County	823.54
Montana	Carbon County	891.24
Montana	Broadwater County	971.98
Montana	Blaine County	963.6
Montana	Big Horn County	1188.47
Montana	Beaverhead County	931.94
Nebraska	York County	814.29
Nebraska	Wheeler County	670.37
Nebraska	Webster County	785.49
Nebraska	Wayne County	589.34
Nebraska	Washington County	764.16
Nebraska	Valley County	586.84
Nebraska	Thurston County	972.03
Nebraska	Thomas County	612.24
Nebraska	Thayer County	775.24
Nebraska	Stanton County	720.77
Nebraska	Sioux County	888.67
Nebraska	Sherman County	619.66
Nebraska	Sheridan County	838.47
Nebraska	Seward County	946.51
Nebraska	Scotts Bluff County	797.61
Nebraska	Saunders County	774.22
Nebraska	Sarpy County	1137.2
Nebraska	Saline County	834.21
Nebraska	Rock County	550.4
Nebraska	Richardson County	969.8
Nebraska	Red Willow County	706.1
Nebraska	Polk County	724.05
Nebraska	Platte County	709.56
Nebraska	Pierce County	632.7
Nebraska	Phelps County	830.03
Nebraska	Perkins County	607.35
Nebraska	Pawnee County	853.42
Nebraska	Otoe County	903.13
Nebraska	Nuckolls County	817.71
Nebraska	Nemaha County	1062.1
Nebraska	Nance County	927.03
Nebraska	Morrill County	699.86
Nebraska	Merrick County	1008.34
Nebraska	McPherson County	477.62
Nebraska	Madison County	754.05
Nebraska	Loup County	589.63
Nebraska	Logan County	571.11
Nebraska	Lincoln County	783.47
Nebraska	Lancaster County	1033.28
Nebraska	Knox County	595.74
Nebraska	Kimball County	1049.42
Nebraska	Keya Paha County	554.96
Nebraska	Keith County	575.91
Nebraska	Kearney County	886.43
Nebraska	Johnson County	998.24
Nebraska	Jefferson County	1100.62
Nebraska	Howard County	733.04
Nebraska	Hooker County	556.19
Nebraska	Holt County	496.94
Nebraska	Hitchcock County	757.33
Nebraska	Hayes County	645.23
Nebraska	Harlan County	927.62
Nebraska	Hamilton County	759.42
Nebraska	Hall County	880.9
Nebraska	Greeley County	591.48
Nebraska	Grant County	623
Nebraska	Gosper County	683.54
Nebraska	Garfield County	658.89
Nebraska	Garden County	676.73
Nebraska	Gage County	924.57
Nebraska	Furnas County	730
Nebraska	Frontier County	593.68
Nebraska	Franklin County	812.53
Nebraska	Fillmore County	857.69
Nebraska	Dundy County	625.02
Nebraska	Douglas County	750.52
Nebraska	Dodge County	855.33
Nebraska	Dixon County	630.77
Nebraska	Deuel County	696.24
Nebraska	Dawson County	775.22
Nebraska	Dawes County	831.85
Nebraska	Dakota County	894.09
Nebraska	Custer County	694.84
Nebraska	Cuming County	638.11
Nebraska	Colfax County	586.22
Nebraska	Clay County	682.01
Nebraska	Cheyenne County	765.61
Nebraska	Cherry County	710.68
Nebraska	Chase County	689.79
Nebraska	Cedar County	477.67
Nebraska	Cass County	1217.61
Nebraska	Butler County	703.83
Nebraska	Burt County	861.69
Nebraska	Buffalo County	872.44
Nebraska	Brown County	515.67
Nebraska	Boyd County	464.06
Nebraska	Box Butte County	950.43
Nebraska	Boone County	608.49
Nebraska	Blaine County	570.43
Nebraska	Banner County	902.01
Nebraska	Arthur County	610.54
Nebraska	Antelope County	474.57
Nebraska	Adams County	609.83
Nevada	White Pine County	1840.78
Nevada	Washoe County	636
Nevada	Storey County	754.42
Nevada	Pershing County	858.47
Nevada	Nye County	2311.87
Nevada	Mineral County	1025.91
Nevada	Lyon County	898.11
Nevada	Lincoln County	1646.21
Nevada	Lander County	1189.29
Nevada	Humboldt County	902.73
Nevada	Eureka County	1199.99
Nevada	Esmeralda County	908.76
Nevada	Elko County	1144.67
Nevada	Douglas County	858.29
Nevada	Clark County	743.19
Nevada	Churchill County	1277.59
Nevada	Carson City	862.96
New Hampshire	Sullivan County	1836.92
New Hampshire	Strafford County	3060.21
New Hampshire	Rockingham County	2688.61
New Hampshire	Merrimack County	2376.76
New Hampshire	Hillsborough County	2721.14
New Hampshire	Grafton County	1651.27
New Hampshire	Coos County	2225.12
New Hampshire	Cheshire County	2064.97
New Hampshire	Carroll County	1450.31
New Hampshire	Belknap County	1816.9
New Jersey	Warren County	845.88
New Jersey	Union County	251.36
New Jersey	Sussex County	789.18
New Jersey	Somerset County	353.1
New Jersey	Salem County	926.37
New Jersey	Passaic County	382.17
New Jersey	Ocean County	1048.27
New Jersey	Morris County	578.14
New Jersey	Monmouth County	516.94
New Jersey	Middlesex County	594.3
New Jersey	Mercer County	226.66
New Jersey	Hunterdon County	496.27
New Jersey	Hudson County	120.46
New Jersey	Gloucester County	901
New Jersey	Essex County	216.21
New Jersey	Cumberland County	721.69
New Jersey	Cape May County	738.43
New Jersey	Camden County	792.42
New Jersey	Burlington County	700.93
New Jersey	Bergen County	282.69
New Jersey	Atlantic County	603.25
New Mexico	Valencia County	753.87
New Mexico	Union County	1261.95
New Mexico	Torrance County	1276.63
New Mexico	Taos County	979.05
New Mexico	Socorro County	1125.61
New Mexico	Sierra County	1336.75
New Mexico	Santa Fe County	510.17
New Mexico	Sandoval County	895.34
New Mexico	San Miguel County	809.59
New Mexico	San Juan County	959.3
New Mexico	Roosevelt County	768.79
New Mexico	Rio Arriba County	1021.33
New Mexico	Quay County	1071.21
New Mexico	Otero County	1003.55
New Mexico	Mora County	1106.09
New Mexico	McKinley County	543.29
New Mexico	Luna County	829.84
New Mexico	Los Alamos County	544.73
New Mexico	Lincoln County	979.54
New Mexico	Lea County	934.36
New Mexico	Hidalgo County	1033.28
New Mexico	Harding County	852.42
New Mexico	Guadalupe County	894.8
New Mexico	Grant County	1055.82
New Mexico	Eddy County	887.07
New Mexico	Dona Ana County	748.91
New Mexico	De Baca County	759.15
New Mexico	Curry County	939.61
New Mexico	Colfax County	1297.06
New Mexico	Cibola County	753.87
New Mexico	Chaves County	664.17
New Mexico	Catron County	943.99
New Mexico	Bernalillo County	465.92
New York	Yates County	1461.02
New York	Wyoming County	1329.48
New York	Westchester County	123.13
New York	Wayne County	1287.5
New York	Washington County	857.05
New York	Warren County	916.68
New York	Ulster County	818.81
New York	Tompkins County	1461.94
New York	Tioga County	2853.7
New York	Sullivan County	1490.73
New York	Suffolk County	761.23
New York	Steuben County	1709.97
New York	Seneca County	1506.24
New York	Schuyler County	1292.14
New York	Schoharie County	872.5
New York	Schenectady County	858.45
New York	Saratoga County	696.61
New York	Saint Lawrence County	1363.67
New York	Rockland County	363.51
New York	Richmond County	255.14
New York	Rensselaer County	946.17
New York	Putnam County	680.98
New York	Otsego County	1544.53
New York	Oswego County	1992.63
New York	Orleans County	1163.24
New York	Orange County	1112.86
New York	Ontario County	1308.93
New York	Onondaga County	1825.3
New York	Oneida County	1775.97
New York	Niagara County	1985.68
New York	New York County	22.99
New York	Nassau County	288.52
New York	Montgomery County	985.01
New York	Monroe County	1176.59
New York	Madison County	1983.55
New York	Livingston County	1466.25
New York	Lewis County	1452.18
New York	Jefferson County	1871.71
New York	Herkimer County	924.66
New York	Hamilton County	1278.52
New York	Greene County	1181.62
New York	Genesee County	1310.03
New York	Fulton County	1240.4
New York	Franklin County	1086.22
New York	Essex County	1068.06
New York	Erie County	2106.15
New York	Dutchess County	1464
New York	Delaware County	1368.11
New York	Cortland County	1621.49
New York	Columbia County	983.13
New York	Clinton County	1149.29
New York	Chenango County	2006.53
New York	Chemung County	1462.39
New York	Chautauqua County	2156.39
New York	Cayuga County	1643.94
New York	Cattaraugus County	1557.08
New York	Broome County	1953.16
New York	Bronx County	63.27
New York	Allegany County	1775
New York	Albany County	822.37
North Carolina	Yancey County	1913.55
North Carolina	Yadkin County	2253.45
North Carolina	Wilson County	715.21
North Carolina	Wilkes County	3317.22
North Carolina	Wayne County	818.22
North Carolina	Watauga County	1661.4
North Carolina	Washington County	679.78
North Carolina	Warren County	840.67
North Carolina	Wake County	570.93
North Carolina	Vance County	782.6
North Carolina	Union County	879.7
North Carolina	Tyrrell County	958.24
North Carolina	Transylvania County	1747.45
North Carolina	Swain County	2502.31
North Carolina	Surry County	1985.04
North Carolina	Stokes County	1413.3
North Carolina	Stanly County	1234.68
North Carolina	Scotland County	1392.08
North Carolina	Sampson County	1589.92
North Carolina	Rutherford County	1555.71
North Carolina	Rowan County	1789.06
North Carolina	Rockingham County	1271.53
North Carolina	Robeson County	1334.56
North Carolina	Richmond County	1604.34
North Carolina	Randolph County	1402.64
North Carolina	Polk County	1276.79
North Carolina	Pitt County	924.66
North Carolina	Person County	822.39
North Carolina	Perquimans County	709.56
North Carolina	Pender County	1477.2
North Carolina	Pasquotank County	619.07
North Carolina	Pamlico County	1337.9
North Carolina	Orange County	457.26
North Carolina	Onslow County	1684.46
North Carolina	Northampton County	658.18
North Carolina	New Hanover County	1286.65
North Carolina	Nash County	801.95
North Carolina	Moore County	1257.81
North Carolina	Montgomery County	1335.86
North Carolina	Mitchell County	1810.67
North Carolina	Mecklenburg County	617.69
North Carolina	McDowell County	1596.95
North Carolina	Martin County	888.04
North Carolina	Madison County	1365.56
North Carolina	Macon County	1828.6
North Carolina	Lincoln County	1320.43
North Carolina	Lenoir County	836.34
North Carolina	Lee County	1015.94
North Carolina	Jones County	1194.63
North Carolina	Johnston County	607.91
North Carolina	Jackson County	1377.23
North Carolina	Iredell County	1584.11
North Carolina	Hyde County	1040.83
North Carolina	Hoke County	1222.74
North Carolina	Hertford County	653.01
North Carolina	Henderson County	1454.1
North Carolina	Haywood County	1737.79
North Carolina	Harnett County	1103.26
North Carolina	Halifax County	816.87
North Carolina	Guilford County	773.37
North Carolina	Greene County	871.95
North Carolina	Granville County	877.96
North Carolina	Graham County	2447.45
North Carolina	Gates County	674.19
North Carolina	Gaston County	1630.09
North Carolina	Franklin County	864.89
North Carolina	Forsyth County	1165.91
North Carolina	Edgecombe County	1096.23
North Carolina	Durham County	315.11
North Carolina	Duplin County	721.39
North Carolina	Davie County	1702.41
North Carolina	Davidson County	1770.14
North Carolina	Dare County	1112.09
North Carolina	Currituck County	760.1
North Carolina	Cumberland County	1041.85
North Carolina	Craven County	1245.45
North Carolina	Columbus County	1426.16
North Carolina	Cleveland County	1494.34
North Carolina	Clay County	1904.37
North Carolina	Chowan County	738.58
North Carolina	Cherokee County	1924.8
North Carolina	Chatham County	786.19
North Carolina	Catawba County	1905.01
North Carolina	Caswell County	1223.24
North Carolina	Carteret County	1579.36
North Carolina	Camden County	658.24
North Carolina	Caldwell County	2017.18
North Carolina	Cabarrus County	1147.78
North Carolina	Burke County	2000.36
North Carolina	Buncombe County	818.58
North Carolina	Brunswick County	1842.62
North Carolina	Bladen County	1610.15
North Carolina	Bertie County	617.28
North Carolina	Beaufort County	829.03
North Carolina	Avery County	1595.11
North Carolina	Ashe County	2212.72
North Carolina	Anson County	1329.14
North Carolina	Alleghany County	2073.07
North Carolina	Alexander County	2509.92
North Carolina	Alamance County	872.36
North Dakota	Williams County	864.62
North Dakota	Wells County	571.88
North Dakota	Ward County	472.18
North Dakota	Walsh County	757.52
North Dakota	Traill County	1028.28
North Dakota	Towner County	851.62
North Dakota	Stutsman County	722.5
North Dakota	Steele County	782.74
North Dakota	Stark County	745.68
North Dakota	Slope County	717.8
North Dakota	Sioux County	1045.6
North Dakota	Sheridan County	441.72
North Dakota	Sargent County	654.73
North Dakota	Rolette County	1018.59
North Dakota	Richland County	838.02
North Dakota	Renville County	592.83
North Dakota	Ransom County	859.59
North Dakota	Ramsey County	987.59
North Dakota	Pierce County	748.19
North Dakota	Pembina County	824.64
North Dakota	Oliver County	714.39
North Dakota	Nelson County	878.61
North Dakota	Mountrail County	627.52
North Dakota	Morton County	863.69
North Dakota	Mercer County	702.24
North Dakota	McLean County	746.92
North Dakota	McKenzie County	1014.19
North Dakota	McIntosh County	443.93
North Dakota	McHenry County	419.33
North Dakota	Logan County	567.9
North Dakota	LaMoure County	485.92
North Dakota	Kidder County	543.28
North Dakota	Hettinger County	540.01
North Dakota	Griggs County	628.27
North Dakota	Grant County	578.74
North Dakota	Grand Forks County	1179.93
North Dakota	Golden Valley County	951.49
North Dakota	Foster County	536.28
North Dakota	Emmons County	612.17
North Dakota	Eddy County	720.73
North Dakota	Dunn County	711.2
North Dakota	Divide County	522.86
North Dakota	Dickey County	606.22
North Dakota	Cavalier County	747.96
North Dakota	Cass County	1302.53
North Dakota	Burleigh County	590.89
North Dakota	Burke County	486.93
North Dakota	Bowman County	736.76
North Dakota	Bottineau County	517.57
North Dakota	Billings County	873.47
North Dakota	Benson County	1443.85
North Dakota	Barnes County	876.92
North Dakota	Adams County	844.76
Ohio	Wyandot County	2311.14
Ohio	Wood County	2822.02
Ohio	Williams County	2107.91
Ohio	Wayne County	2284.85
Ohio	Washington County	2938.72
Ohio	Warren County	3546.18
Ohio	Vinton County	4551.71
Ohio	Van Wert County	2625.86
Ohio	Union County	2422.56
Ohio	Tuscarawas County	2432.65
Ohio	Trumbull County	2604.98
Ohio	Summit County	2552.67
Ohio	Stark County	2644.59
Ohio	Shelby County	3659.76
Ohio	Seneca County	2851.04
Ohio	Scioto County	3271.83
Ohio	Sandusky County	3237.77
Ohio	Ross County	5420.93
Ohio	Richland County	3092.53
Ohio	Putnam County	2290.78
Ohio	Preble County	4513.94
Ohio	Portage County	2890.99
Ohio	Pike County	4238.76
Ohio	Pickaway County	3588.22
Ohio	Perry County	2479.79
Ohio	Paulding County	2367.35
Ohio	Ottawa County	1996.22
Ohio	Noble County	2205.52
Ohio	Muskingum County	1888.45
Ohio	Morrow County	3481.11
Ohio	Morgan County	3382.68
Ohio	Montgomery County	3804.6
Ohio	Monroe County	3248.69
Ohio	Miami County	3430.85
Ohio	Mercer County	2921.42
Ohio	Meigs County	3655.82
Ohio	Medina County	2026.93
Ohio	Marion County	4015.56
Ohio	Mahoning County	2200.87
Ohio	Madison County	3554.51
Ohio	Lucas County	2043.32
Ohio	Lorain County	3085.98
Ohio	Logan County	2503.44
Ohio	Licking County	2670.06
Ohio	Lawrence County	3608.97
Ohio	Lake County	2789.52
Ohio	Knox County	2779.67
Ohio	Jefferson County	4118.35
Ohio	Jackson County	4400.59
Ohio	Huron County	3459.46
Ohio	Holmes County	1920.13
Ohio	Hocking County	3670.81
Ohio	Highland County	4648.5
Ohio	Henry County	2104.72
Ohio	Harrison County	3344.93
Ohio	Hardin County	3013.83
Ohio	Hancock County	2425.88
Ohio	Hamilton County	2717.17
Ohio	Guernsey County	3575.17
Ohio	Greene County	3696.94
Ohio	Geauga County	2111.76
Ohio	Gallia County	4463.39
Ohio	Fulton County	2039.82
Ohio	Franklin County	2116.5
Ohio	Fayette County	5093.15
Ohio	Fairfield County	2996.31
Ohio	Erie County	2895.68
Ohio	Delaware County	1996.83
Ohio	Defiance County	2673.46
Ohio	Darke County	4005.8
Ohio	Cuyahoga County	893.84
Ohio	Crawford County	2896.78
Ohio	Coshocton County	2537.54
Ohio	Columbiana County	2868.29
Ohio	Clinton County	5190.43
Ohio	Clermont County	6725.8
Ohio	Clark County	3016.24
Ohio	Champaign County	3931.92
Ohio	Carroll County	3321.9
Ohio	Butler County	3883.09
Ohio	Brown County	5444.66
Ohio	Belmont County	2932.95
Ohio	Auglaize County	2396
Ohio	Athens County	2970.13
Ohio	Ashtabula County	3557.5
Ohio	Ashland County	2095.95
Ohio	Allen County	2989.64
Ohio	Adams County	3902.73
Oklahoma	Woodward County	1912.42
Oklahoma	Woods County	1718.15
Oklahoma	Washita County	1797.43
Oklahoma	Washington County	2917.37
Oklahoma	Wagoner County	4491.63
Oklahoma	Tulsa County	2635.6
Oklahoma	Tillman County	1848.37
Oklahoma	Texas County	1472.42
Oklahoma	Stephens County	2395.14
Oklahoma	Sequoyah County	4394.84
Oklahoma	Seminole County	3582.15
Oklahoma	Rogers County	2963.82
Oklahoma	Roger Mills County	1365.43
Oklahoma	Pushmataha County	2549.07
Oklahoma	Pottawatomie County	2777.86
Oklahoma	Pontotoc County	2992.83
Oklahoma	Pittsburg County	3240.38
Oklahoma	Payne County	2165.17
Oklahoma	Pawnee County	3876.32
Oklahoma	Ottawa County	2612.31
Oklahoma	Osage County	2284.44
Oklahoma	Okmulgee County	3390.41
Oklahoma	Oklahoma County	1604.32
Oklahoma	Okfuskee County	4513
Oklahoma	Nowata County	2423.47
Oklahoma	Noble County	2514.94
Oklahoma	Muskogee County	5497.98
Oklahoma	Murray County	2952.91
Oklahoma	McIntosh County	3632.76
Oklahoma	McCurtain County	1878.52
Oklahoma	McClain County	2803.21
Oklahoma	Mayes County	4072.96
Oklahoma	Marshall County	1669.74
Oklahoma	Major County	1522.81
Oklahoma	Love County	1798.2
Oklahoma	Logan County	1937.87
Oklahoma	Lincoln County	3142.7
Oklahoma	Le Flore County	3135.1
Oklahoma	Latimer County	2440.09
Oklahoma	Kiowa County	2092.9
Oklahoma	Kingfisher County	2108.55
Oklahoma	Kay County	2090.15
Oklahoma	Johnston County	2850.59
Oklahoma	Jefferson County	2848
Oklahoma	Jackson County	1443.32
Oklahoma	Hughes County	2755.78
Oklahoma	Haskell County	2801.6
Oklahoma	Harper County	1641.03
Oklahoma	Harmon County	1189.41
Oklahoma	Greer County	1300.62
Oklahoma	Grant County	1850.6
Oklahoma	Grady County	2527.97
Oklahoma	Garvin County	2334.75
Oklahoma	Garfield County	2243.29
Oklahoma	Ellis County	1459.71
Oklahoma	Dewey County	1448.91
Oklahoma	Delaware County	3781.2
Oklahoma	Custer County	1757.66
Oklahoma	Creek County	4005.12
Oklahoma	Craig County	3153.07
Oklahoma	Cotton County	1818.9
Oklahoma	Comanche County	2206.01
Oklahoma	Coal County	2729.47
Oklahoma	Cleveland County	2497.51
Oklahoma	Cimarron County	1176.84
Oklahoma	Choctaw County	2008.29
Oklahoma	Cherokee County	4455.31
Oklahoma	Carter County	3241.98
Oklahoma	Canadian County	2663.61
Oklahoma	Caddo County	2319.84
Oklahoma	Bryan County	1923.13
Oklahoma	Blaine County	1657.18
Oklahoma	Beckham County	1633.63
Oklahoma	Beaver County	1338.54
Oklahoma	Atoka County	2186.92
Oklahoma	Alfalfa County	1598.64
Oklahoma	Adair County	3492.22
Oregon	Yamhill County	527.28
Oregon	Wheeler County	633.79
Oregon	Washington County	384
Oregon	Wasco County	756.96
Oregon	Wallowa County	850.25
Oregon	Union County	816.28
Oregon	Umatilla County	522.76
Oregon	Tillamook County	616.78
Oregon	Sherman County	402.82
Oregon	Polk County	498.63
Oregon	Multnomah County	352.51
Oregon	Morrow County	601.12
Oregon	Marion County	476.22
Oregon	Malheur County	1042.07
Oregon	Linn County	1042.55
Oregon	Lincoln County	773.01
Oregon	Lane County	852.17
Oregon	Lake County	1143.9
Oregon	Klamath County	640.86
Oregon	Josephine County	584.7
Oregon	Jefferson County	865.36
Oregon	Jackson County	497.84
Oregon	Hood River County	343.33
Oregon	Harney County	790.1
Oregon	Grant County	743.68
Oregon	Gilliam County	550.24
Oregon	Douglas County	652.95
Oregon	Deschutes County	620.15
Oregon	Curry County	614.76
Oregon	Crook County	756.37
Oregon	Coos County	596.77
Oregon	Columbia County	591.45
Oregon	Clatsop County	674.44
Oregon	Clackamas County	563.05
Oregon	Benton County	541.37
Oregon	Baker County	1069.12
Pennsylvania	York County	1622.57
Pennsylvania	Wyoming County	2204.76
Pennsylvania	Westmoreland County	3749.12
Pennsylvania	Wayne County	2060
Pennsylvania	Washington County	2369.88
Pennsylvania	Warren County	2010.59
Pennsylvania	Venango County	2748.12
Pennsylvania	Union County	1134.36
Pennsylvania	Tioga County	1616.69
Pennsylvania	Susquehanna County	2655.78
Pennsylvania	Sullivan County	2156.44
Pennsylvania	Somerset County	2554.57
Pennsylvania	Snyder County	1211.98
Pennsylvania	Schuylkill County	977.53
Pennsylvania	Potter County	1847.76
Pennsylvania	Pike County	1227.32
Pennsylvania	Philadelphia County	701.16
Pennsylvania	Perry County	1499.28
Pennsylvania	Northumberland County	1120.61
Pennsylvania	Northampton County	870.51
Pennsylvania	Montour County	1620.99
Pennsylvania	Montgomery County	703.27
Pennsylvania	Monroe County	1298.25
Pennsylvania	Mifflin County	1236.37
Pennsylvania	Mercer County	2757.49
Pennsylvania	McKean County	2725.07
Pennsylvania	Lycoming County	1766.78
Pennsylvania	Luzerne County	1325.98
Pennsylvania	Lehigh County	1143.64
Pennsylvania	Lebanon County	804.99
Pennsylvania	Lawrence County	2623.97
Pennsylvania	Lancaster County	792.13
Pennsylvania	Lackawanna County	1254.24
Pennsylvania	Juniata County	1416.66
Pennsylvania	Jefferson County	3014.63
Pennsylvania	Indiana County	2897.42
Pennsylvania	Huntingdon County	1485.5
Pennsylvania	Greene County	3720.78
Pennsylvania	Fulton County	1805.12
Pennsylvania	Franklin County	1524.33
Pennsylvania	Forest County	3587.23
Pennsylvania	Fayette County	2588.48
Pennsylvania	Erie County	1269.21
Pennsylvania	Elk County	2396.22
Pennsylvania	Delaware County	1406.66
Pennsylvania	Dauphin County	1137.51
Pennsylvania	Cumberland County	1314.4
Pennsylvania	Crawford County	2576.49
Pennsylvania	Columbia County	1124.23
Pennsylvania	Clinton County	2182.14
Pennsylvania	Clearfield County	2105.11
Pennsylvania	Clarion County	2997.4
Pennsylvania	Chester County	937.73
Pennsylvania	Centre County	1261.07
Pennsylvania	Carbon County	1667.37
Pennsylvania	Cameron County	2079.36
Pennsylvania	Cambria County	2415.33
Pennsylvania	Butler County	2480.32
Pennsylvania	Bucks County	1034.54
Pennsylvania	Bradford County	1869.33
Pennsylvania	Blair County	1416.61
Pennsylvania	Berks County	807.74
Pennsylvania	Bedford County	1851.59
Pennsylvania	Beaver County	2435.42
Pennsylvania	Armstrong County	3065.93
Pennsylvania	Allegheny County	907.7
Pennsylvania	Adams County	1303.58
Rhode Island	Washington County	1790.51
Rhode Island	Providence County	1350.68
Rhode Island	Newport County	1318.63
Rhode Island	Kent County	2205.07
Rhode Island	Bristol County	1658.88
South Carolina	York County	1317.93
South Carolina	Williamsburg County	879.97
South Carolina	Union County	1291.63
South Carolina	Sumter County	604.41
South Carolina	Spartanburg County	977.02
South Carolina	Saluda County	806.92
South Carolina	Richland County	653.59
South Carolina	Pickens County	2640.35
South Carolina	Orangeburg County	845.26
South Carolina	Oconee County	1984.2
South Carolina	Newberry County	1074.04
South Carolina	McCormick County	1456.46
South Carolina	Marlboro County	1024.04
South Carolina	Marion County	1188.61
South Carolina	Lexington County	1011.53
South Carolina	Lee County	851.29
South Carolina	Laurens County	1236.02
South Carolina	Lancaster County	842.12
South Carolina	Kershaw County	1034.56
South Carolina	Jasper County	1003.56
South Carolina	Horry County	1712.15
South Carolina	Hampton County	887.38
South Carolina	Greenwood County	826.48
South Carolina	Greenville County	915.48
South Carolina	Georgetown County	1108.28
South Carolina	Florence County	854.27
South Carolina	Fairfield County	1071.11
South Carolina	Edgefield County	765.95
South Carolina	Dorchester County	635.67
South Carolina	Dillon County	995.81
South Carolina	Darlington County	1016.35
South Carolina	Colleton County	1073.54
South Carolina	Clarendon County	819.07
South Carolina	Chesterfield County	1127.78
South Carolina	Chester County	1307.91
South Carolina	Cherokee County	1041.23
South Carolina	Charleston County	552.94
South Carolina	Calhoun County	729.9
South Carolina	Berkeley County	959.53
South Carolina	Beaufort County	738.25
South Carolina	Barnwell County	959.44
South Carolina	Bamberg County	931.14
South Carolina	Anderson County	1792.24
South Carolina	Allendale County	772.79
South Carolina	Aiken County	820.61
South Carolina	Abbeville County	1242.5
South Dakota	Ziebach County	963.66
South Dakota	Yankton County	730.89
South Dakota	Walworth County	742.98
South Dakota	Union County	624.18
South Dakota	Turner County	547.1
South Dakota	Tripp County	580.27
South Dakota	Todd County	1412.36
South Dakota	Sully County	550.43
South Dakota	Stanley County	685
South Dakota	Spink County	689.49
South Dakota	Sanborn County	533.55
South Dakota	Roberts County	728.67
South Dakota	Potter County	566.32
South Dakota	Perkins County	776.15
South Dakota	Pennington County	841.66
South Dakota	Oglala Lakota County	1513.27
South Dakota	Moody County	862.78
South Dakota	Minnehaha County	937.53
South Dakota	Miner County	503.27
South Dakota	Mellette County	855.73
South Dakota	Meade County	868.51
South Dakota	McPherson County	423.26
South Dakota	McCook County	618.21
South Dakota	Marshall County	621.47
South Dakota	Lyman County	849.57
South Dakota	Lincoln County	533.28
South Dakota	Lawrence County	707.96
South Dakota	Lake County	619.68
South Dakota	Kingsbury County	488.5
South Dakota	Jones County	689.15
South Dakota	Jerauld County	630.45
South Dakota	Jackson County	945.21
South Dakota	Hyde County	624.83
South Dakota	Hutchinson County	549.33
South Dakota	Hughes County	723.36
South Dakota	Harding County	825.63
South Dakota	Hanson County	608.59
South Dakota	Hand County	536.62
South Dakota	Hamlin County	581.73
South Dakota	Haakon County	692.9
South Dakota	Gregory County	571.46
South Dakota	Grant County	616.64
South Dakota	Faulk County	508.47
South Dakota	Fall River County	1035.08
South Dakota	Edmunds County	441.79
South Dakota	Douglas County	434.97
South Dakota	Dewey County	1127.4
South Dakota	Deuel County	542.2
South Dakota	Day County	639.16
South Dakota	Davison County	646.47
South Dakota	Custer County	828.4
South Dakota	Corson County	1028.53
South Dakota	Codington County	570.82
South Dakota	Clay County	651.77
South Dakota	Clark County	582.14
South Dakota	Charles Mix County	550.6
South Dakota	Campbell County	520.57
South Dakota	Butte County	744.63
South Dakota	Buffalo County	1394.75
South Dakota	Brule County	829.55
South Dakota	Brown County	687.08
South Dakota	Brookings County	665.12
South Dakota	Bon Homme County	451.29
South Dakota	Bennett County	695.89
South Dakota	Beadle County	636.63
South Dakota	Aurora County	670.79
Tennessee	Wilson County	2135.51
Tennessee	Williamson County	1257.45
Tennessee	White County	1926.98
Tennessee	Weakley County	1163.63
Tennessee	Wayne County	2359.61
Tennessee	Washington County	1318.15
Tennessee	Warren County	1660.03
Tennessee	Van Buren County	1861.53
Tennessee	Union County	3232.3
Tennessee	Unicoi County	1755.4
Tennessee	Trousdale County	2144.03
Tennessee	Tipton County	1327.76
Tennessee	Sumner County	1686.03
Tennessee	Sullivan County	1581.05
Tennessee	Stewart County	2696.28
Tennessee	Smith County	2538.29
Tennessee	Shelby County	1072.49
Tennessee	Sevier County	2068.16
Tennessee	Sequatchie County	1713.15
Tennessee	Scott County	3177.67
Tennessee	Rutherford County	1995.47
Tennessee	Robertson County	2023.51
Tennessee	Roane County	2608.7
Tennessee	Rhea County	2054.21
Tennessee	Putnam County	2282.88
Tennessee	Polk County	2195.04
Tennessee	Pickett County	2526.34
Tennessee	Perry County	2529.05
Tennessee	Overton County	2613.63
Tennessee	Obion County	1135.82
Tennessee	Morgan County	2196.71
Tennessee	Moore County	2006.75
Tennessee	Montgomery County	2413.65
Tennessee	Monroe County	2100.52
Tennessee	Meigs County	2557.06
Tennessee	McNairy County	1787.68
Tennessee	McMinn County	1885.88
Tennessee	Maury County	2175.46
Tennessee	Marshall County	2416.89
Tennessee	Marion County	1674.67
Tennessee	Madison County	830.67
Tennessee	Macon County	1880.42
Tennessee	Loudon County	1534.62
Tennessee	Lincoln County	2027.02
Tennessee	Lewis County	1980.42
Tennessee	Lawrence County	2428.54
Tennessee	Lauderdale County	1300.77
Tennessee	Lake County	1469.83
Tennessee	Knox County	2652.67
Tennessee	Johnson County	1965.48
Tennessee	Jefferson County	2069.48
Tennessee	Jackson County	2919.14
Tennessee	Humphreys County	2955.19
Tennessee	Houston County	2795.48
Tennessee	Hickman County	2462.51
Tennessee	Henry County	2030.88
Tennessee	Henderson County	1429.2
Tennessee	Haywood County	1196.92
Tennessee	Hawkins County	2293.13
Tennessee	Hardin County	2357.96
Tennessee	Hardeman County	1144.05
Tennessee	Hancock County	2030.25
Tennessee	Hamilton County	1063.48
Tennessee	Hamblen County	2557.02
Tennessee	Grundy County	2176.62
Tennessee	Greene County	1928.74
Tennessee	Grainger County	2451.62
Tennessee	Giles County	2444.94
Tennessee	Gibson County	901.15
Tennessee	Franklin County	2334.22
Tennessee	Fentress County	2090.45
Tennessee	Fayette County	1146.09
Tennessee	Dyer County	1204.59
Tennessee	Dickson County	2687.76
Tennessee	DeKalb County	2327.6
Tennessee	Decatur County	2323.54
Tennessee	Davidson County	1219.43
Tennessee	Cumberland County	2482
Tennessee	Crockett County	1124.53
Tennessee	Coffee County	2306.23
Tennessee	Cocke County	2234.1
Tennessee	Clay County	3075.77
Tennessee	Claiborne County	3180.08
Tennessee	Chester County	1476.79
Tennessee	Cheatham County	3733.3
Tennessee	Carter County	1516.99
Tennessee	Carroll County	1713.14
Tennessee	Cannon County	2428.16
Tennessee	Campbell County	3579.78
Tennessee	Bradley County	2143.99
Tennessee	Blount County	2276
Tennessee	Bledsoe County	1547.16
Tennessee	Benton County	3196.83
Tennessee	Bedford County	2788.16
Tennessee	Anderson County	2017.92
Texas	Zavala County	750.1
Texas	Zapata County	1010.14
Texas	Young County	1657.33
Texas	Yoakum County	670.06
Texas	Wood County	985.1
Texas	Wise County	1228.45
Texas	Winkler County	1000.6
Texas	Wilson County	973.61
Texas	Williamson County	785.94
Texas	Willacy County	557
Texas	Wilbarger County	1430.55
Texas	Wichita County	1829.22
Texas	Wheeler County	1134.51
Texas	Wharton County	738.75
Texas	Webb County	811.8
Texas	Washington County	751.07
Texas	Ward County	794.32
Texas	Waller County	1052.1
Texas	Walker County	941.08
Texas	Victoria County	991.57
Texas	Van Zandt County	1172.31
Texas	Val Verde County	530.97
Texas	Uvalde County	581.66
Texas	Upton County	769.57
Texas	Upshur County	1095.22
Texas	Tyler County	1270.62
Texas	Trinity County	1388.35
Texas	Travis County	630.56
Texas	Tom Green County	834.51
Texas	Titus County	940.27
Texas	Throckmorton County	1079.12
Texas	Terry County	771.98
Texas	Terrell County	677.16
Texas	Taylor County	1002.14
Texas	Tarrant County	583.39
Texas	Swisher County	657.61
Texas	Sutton County	683.99
Texas	Stonewall County	770.21
Texas	Sterling County	829
Texas	Stephens County	933.84
Texas	Starr County	517.7
Texas	Somervell County	974.07
Texas	Smith County	1155.2
Texas	Sherman County	1053.54
Texas	Shelby County	1213.8
Texas	Shackelford County	835.74
Texas	Scurry County	782.58
Texas	Schleicher County	755.12
Texas	San Saba County	843.95
Texas	San Patricio County	1144.33
Texas	San Jacinto County	1240.65
Texas	San Augustine County	1332.46
Texas	Sabine County	1344.27
Texas	Rusk County	1101.87
Texas	Runnels County	775.55
Texas	Rockwall County	893.98
Texas	Robertson County	988.15
Texas	Roberts County	1158.35
Texas	Refugio County	1028.07
Texas	Reeves County	755.29
Texas	Red River County	1255.92
Texas	Real County	697.78
Texas	Reagan County	986.25
Texas	Randall County	825.21
Texas	Rains County	940.1
Texas	Presidio County	257.96
Texas	Potter County	847.21
Texas	Polk County	1521.95
Texas	Pecos County	730.22
Texas	Parmer County	575.42
Texas	Parker County	1415.83
Texas	Panola County	999.59
Texas	Palo Pinto County	1433.43
Texas	Orange County	1732.66
Texas	Oldham County	712.89
Texas	Ochiltree County	1091.51
Texas	Nueces County	1176.22
Texas	Nolan County	1104.87
Texas	Newton County	1746.95
Texas	Navarro County	901.59
Texas	Nacogdoches County	1134.4
Texas	Motley County	761.89
Texas	Morris County	1222.63
Texas	Moore County	793.56
Texas	Montgomery County	788.06
Texas	Montague County	1474.88
Texas	Mitchell County	811.24
Texas	Mills County	734.02
Texas	Milam County	948.85
Texas	Midland County	850.69
Texas	Menard County	747.9
Texas	Medina County	597.69
Texas	McMullen County	933.07
Texas	McLennan County	612.14
Texas	McCulloch County	733.66
Texas	Maverick County	777.5
Texas	Matagorda County	1202.73
Texas	Mason County	713.51
Texas	Martin County	793.31
Texas	Marion County	1233.2
Texas	Madison County	942.02
Texas	Lynn County	589.26
Texas	Lubbock County	732.07
Texas	Loving County	1034.77
Texas	Llano County	1362.38
Texas	Live Oak County	904.42
Texas	Lipscomb County	1228.13
Texas	Limestone County	901
Texas	Liberty County	1294.85
Texas	Leon County	956.31
Texas	Lee County	756.36
Texas	Lavaca County	590.39
Texas	Lampasas County	666.04
Texas	Lamb County	762.09
Texas	Lamar County	1292.85
Texas	La Salle County	763.01
Texas	Knox County	992.53
Texas	Kleberg County	853.45
Texas	Kinney County	681.01
Texas	King County	915.74
Texas	Kimble County	747.08
Texas	Kerr County	791.24
Texas	Kent County	795.36
Texas	Kenedy County	804.54
Texas	Kendall County	707.29
Texas	Kaufman County	1157.34
Texas	Karnes County	771.66
Texas	Jones County	762.69
Texas	Johnson County	1035.38
Texas	Jim Wells County	901.45
Texas	Jim Hogg County	823.44
Texas	Jefferson County	1279.47
Texas	Jeff Davis County	525.34
Texas	Jasper County	1146.43
Texas	Jackson County	869.87
Texas	Jack County	1460.82
Texas	Irion County	818.2
Texas	Hutchinson County	1113.86
Texas	Hunt County	1067.43
Texas	Hudspeth County	464.53
Texas	Howard County	810.83
Texas	Houston County	879.86
Texas	Hopkins County	824.98
Texas	Hood County	1401.1
Texas	Hockley County	740.78
Texas	Hill County	876.28
Texas	Hidalgo County	563.37
Texas	Henderson County	1360.79
Texas	Hemphill County	1119.14
Texas	Hays County	660.47
Texas	Haskell County	971.71
Texas	Hartley County	771.82
Texas	Harrison County	978.32
Texas	Harris County	588.85
Texas	Hardin County	1616.22
Texas	Hardeman County	988.43
Texas	Hansford County	1065.25
Texas	Hamilton County	821.22
Texas	Hall County	874.54
Texas	Hale County	650.31
Texas	Guadalupe County	899.59
Texas	Grimes County	961.52
Texas	Gregg County	995.64
Texas	Grayson County	1402.22
Texas	Gray County	1107.56
Texas	Gonzales County	1050.33
Texas	Goliad County	836.96
Texas	Glasscock County	704.07
Texas	Gillespie County	635.34
Texas	Garza County	803.32
Texas	Galveston County	1235.02
Texas	Gaines County	716.59
Texas	Frio County	792.29
Texas	Freestone County	829.47
Texas	Franklin County	885.72
Texas	Fort Bend County	568.72
Texas	Foard County	1025.11
Texas	Floyd County	634.24
Texas	Fisher County	770.45
Texas	Fayette County	720.88
Texas	Fannin County	1249.4
Texas	Falls County	710.08
Texas	Erath County	876.72
Texas	Ellis County	670.15
Texas	El Paso County	376.1
Texas	Edwards County	677.19
Texas	Ector County	1113.55
Texas	Eastland County	962.21
Texas	Duval County	1084.45
Texas	Donley County	1060.33
Texas	Dimmit County	966.93
Texas	Dickens County	712.59
Texas	DeWitt County	802.08
Texas	Denton County	779.39
Texas	Delta County	1057.63
Texas	Deaf Smith County	764.56
Texas	Dawson County	765.19
Texas	Dallas County	760.36
Texas	Dallam County	888.13
Texas	Culberson County	634.02
Texas	Crosby County	725.39
Texas	Crockett County	806.32
Texas	Crane County	908.66
Texas	Cottle County	781.89
Texas	Coryell County	728.88
Texas	Cooke County	1726.3
Texas	Concho County	675.39
Texas	Comanche County	702.46
Texas	Comal County	776.47
Texas	Colorado County	754.3
Texas	Collingsworth County	1069.23
Texas	Collin County	718.39
Texas	Coleman County	875.55
Texas	Coke County	953.36
Texas	Cochran County	719.08
Texas	Clay County	1730.25
Texas	Childress County	709.6
Texas	Cherokee County	1112.48
Texas	Chambers County	1351.57
Texas	Castro County	493.68
Texas	Cass County	1112.02
Texas	Carson County	993.02
Texas	Camp County	1041.13
Texas	Cameron County	484.11
Texas	Callahan County	976.81
Texas	Calhoun County	1271.45
Texas	Caldwell County	730.85
Texas	Burnet County	837.65
Texas	Burleson County	870.2
Texas	Brown County	1101.12
Texas	Brooks County	1055.01
Texas	Briscoe County	710.68
Texas	Brewster County	427.77
Texas	Brazos County	768.18
Texas	Brazoria County	703.82
Texas	Bowie County	994.74
Texas	Bosque County	927.44
Texas	Borden County	688.24
Texas	Blanco County	961.27
Texas	Bexar County	796.52
Texas	Bell County	657.62
Texas	Bee County	689.48
Texas	Baylor County	1523.17
Texas	Bastrop County	957.7
Texas	Bandera County	777.55
Texas	Bailey County	594.69
Texas	Austin County	649.02
Texas	Atascosa County	680.03
Texas	Armstrong County	923.26
Texas	Archer County	1572.66
Texas	Aransas County	1299.91
Texas	Angelina County	971.57
Texas	Andrews County	762.44
Texas	Anderson County	927.02
Utah	Weber County	2165.49
Utah	Wayne County	1312.83
Utah	Washington County	1476.01
Utah	Wasatch County	1503.62
Utah	Utah County	1955.45
Utah	Uintah County	1493.71
Utah	Tooele County	2884.24
Utah	Summit County	1993.12
Utah	Sevier County	1499.32
Utah	Sanpete County	1700.2
Utah	San Juan County	1103.42
Utah	Salt Lake County	1981.67
Utah	Rich County	1746.49
Utah	Piute County	1344.58
Utah	Morgan County	2447.43
Utah	Millard County	1488.12
Utah	Kane County	1261.16
Utah	Juab County	2347.06
Utah	Iron County	1428.94
Utah	Grand County	1176.1
Utah	Garfield County	1181.9
Utah	Emery County	2128.16
Utah	Duchesne County	2036.23
Utah	Davis County	1768.23
Utah	Daggett County	1975.31
Utah	Carbon County	2693.52
Utah	Cache County	1425.85
Utah	Box Elder County	1979.06
Utah	Beaver County	1740.65
Vermont	Windsor County	1414.8
Vermont	Windham County	2223.88
Vermont	Washington County	798.81
Vermont	Rutland County	1510.2
Vermont	Orleans County	950.21
Vermont	Orange County	1121.05
Vermont	Lamoille County	944.6
Vermont	Grand Isle County	925.62
Vermont	Franklin County	1055.27
Vermont	Essex County	1426.88
Vermont	Chittenden County	948.98
Vermont	Caledonia County	914.52
Vermont	Bennington County	1967.81
Vermont	Addison County	1276.46
Virginia	York County	622.22
Virginia	Wythe County	2358.66
Virginia	Wise County	2877.79
Virginia	Winchester City	1623.73
Virginia	Williamsburg City	722.95
Virginia	Westmoreland County	1052.6
Virginia	Waynesboro City	1485.36
Virginia	Washington County	1309.4
Virginia	Warren County	1961.45
Virginia	Virginia Beach City	1006.08
Virginia	Tazewell County	3402.82
Virginia	Sussex County	876.21
Virginia	Surry County	966
Virginia	Suffolk City	573.62
Virginia	Staunton City	1485.36
Virginia	Stafford County	902.69
Virginia	Spotsylvania County	1113.83
Virginia	Southampton County	703.09
Virginia	Smyth County	1928.93
Virginia	Shenandoah County	1246.06
Virginia	Scott County	2215.98
Virginia	Salem City	1140.35
Virginia	Russell County	2540.27
Virginia	Rockingham County	978.97
Virginia	Rockbridge County	1074.91
Virginia	Roanoke County	1364.97
Virginia	Roanoke City	775.23
Virginia	Richmond County	1023.52
Virginia	Richmond City	463.26
Virginia	Rappahannock County	1454.38
Virginia	Radford City	1007.04
Virginia	Pulaski County	2762.69
Virginia	Prince William County	762.93
Virginia	Prince George County	544.18
Virginia	Prince Edward County	722.22
Virginia	Powhatan County	628.75
Virginia	Portsmouth City	614.26
Virginia	Poquoson City	585.96
Virginia	Pittsylvania County	1497.87
Virginia	Petersburg City	613.32
Virginia	Patrick County	2261.37
Virginia	Page County	1340.62
Virginia	Orange County	1394.63
Virginia	Nottoway County	737.54
Virginia	Norton City	910.46
Virginia	Northumberland County	967.1
Virginia	Northampton County	1096.67
Virginia	Norfolk City	603.53
Virginia	Newport News City	622.22
Virginia	New Kent County	781.69
Virginia	Nelson County	871.85
Virginia	Montgomery County	1258.43
Virginia	Middlesex County	885.22
Virginia	Mecklenburg County	676.39
Virginia	Mathews County	817.26
Virginia	Martinsville City	1653.01
Virginia	Manassas Park City	762.93
Virginia	Manassas City	762.93
Virginia	Madison County	1166.76
Virginia	Lynchburg City	752.2
Virginia	Lunenburg County	633.71
Virginia	Louisa County	999.89
Virginia	Loudoun County	736.01
Virginia	Lexington City	561.35
Virginia	Lee County	2294.06
Virginia	Lancaster County	1078.79
Virginia	King William County	1063.44
Virginia	King George County	1008.68
Virginia	King and Queen County	1106.98
Virginia	James City County	722.95
Virginia	Isle of Wight County	687.49
Virginia	Hopewell City	807.8
Virginia	Highland County	1717.4
Virginia	Henry County	2531.6
Virginia	Henrico County	537.95
Virginia	Harrisonburg City	978.97
Virginia	Hanover County	827.94
Virginia	Hampton City	611.37
Virginia	Halifax County	893.33
Virginia	Greensville County	647.48
Virginia	Greene County	980.09
Virginia	Grayson County	1620.66
Virginia	Goochland County	865
Virginia	Gloucester County	1071.35
Virginia	Giles County	2676.84
Virginia	Galax City	1414.81
Virginia	Fredericksburg City	1113.83
Virginia	Frederick County	1957.76
Virginia	Franklin County	1821.65
Virginia	Franklin City	703.09
Virginia	Fluvanna County	592.33
Virginia	Floyd County	1724.22
Virginia	Fauquier County	1496.74
Virginia	Falls Church City	168.03
Virginia	Fairfax County	336.48
Virginia	Fairfax City	336.48
Virginia	Essex County	1173.09
Virginia	Emporia City	647.48
Virginia	Dinwiddie County	672.34
Virginia	Dickenson County	3554.44
Virginia	Danville City	1497.87
Virginia	Cumberland County	744.64
Virginia	Culpeper County	1404.79
Virginia	Craig County	2055.5
Virginia	Covington City	1605.9
Virginia	Colonial Heights City	683.13
Virginia	Clarke County	1732.38
Virginia	Chesterfield County	652.42
Virginia	Chesapeake City	686.86
Virginia	Charlottesville City	742.92
Virginia	Charlotte County	748.56
Virginia	Charles City County	1075.2
Virginia	Carroll County	2109.41
Virginia	Caroline County	1191.34
Virginia	Campbell County	1227.45
Virginia	Buena Vista City	1074.91
Virginia	Buckingham County	814.43
Virginia	Buchanan County	3885.02
Virginia	Brunswick County	501.04
Virginia	Bristol City	1216.86
Virginia	Botetourt County	1413.06
Virginia	Bland County	3229.73
Virginia	Bedford County	1163.51
Virginia	Bath County	1871.84
Virginia	Augusta County	1485.36
Virginia	Arlington County	103.34
Virginia	Appomattox County	888.23
Virginia	Amherst County	1082.5
Virginia	Amelia County	724.43
Virginia	Alleghany County	2303.52
Virginia	Albemarle County	742.92
Virginia	Accomack County	1154.5
Washington	Yakima County	443.45
Washington	Whitman County	606.88
Washington	Whatcom County	534
Washington	Walla Walla County	681.11
Washington	Wahkiakum County	807.45
Washington	Thurston County	574.94
Washington	Stevens County	1114.2
Washington	Spokane County	696.17
Washington	Snohomish County	683.1
Washington	Skamania County	726.47
Washington	Skagit County	714.92
Washington	San Juan County	696.04
Washington	Pierce County	638.93
Washington	Pend Oreille County	1157.91
Washington	Pacific County	872.23
Washington	Okanogan County	980.74
Washington	Mason County	1027.41
Washington	Lincoln County	970.86
Washington	Lewis County	771.77
Washington	Klickitat County	505.81
Washington	Kittitas County	535.28
Washington	Kitsap County	594.97
Washington	King County	521.26
Washington	Jefferson County	1024.43
Washington	Island County	607.12
Washington	Grays Harbor County	1120.32
Washington	Grant County	715.54
Washington	Garfield County	785.53
Washington	Franklin County	471.19
Washington	Ferry County	1468.92
Washington	Douglas County	849.3
Washington	Cowlitz County	1131.99
Washington	Columbia County	581.07
Washington	Clark County	480.3
Washington	Clallam County	901.01
Washington	Chelan County	775.41
Washington	Benton County	617.99
Washington	Asotin County	888.7
Washington	Adams County	529.65
West Virginia	Wyoming County	6973.05
West Virginia	Wood County	3408.19
West Virginia	Wirt County	2880.13
West Virginia	Wetzel County	2520.78
West Virginia	Webster County	2812.36
West Virginia	Wayne County	5413.26
West Virginia	Upshur County	1857.79
West Virginia	Tyler County	2504.76
West Virginia	Tucker County	1266.88
West Virginia	Taylor County	1714.69
West Virginia	Summers County	4399.51
West Virginia	Roane County	4029.46
West Virginia	Ritchie County	2429.71
West Virginia	Randolph County	1669.53
West Virginia	Raleigh County	6512.94
West Virginia	Putnam County	4316.19
West Virginia	Preston County	1942.97
West Virginia	Pocahontas County	2343.79
West Virginia	Pleasants County	2454.69
West Virginia	Pendleton County	1555.67
West Virginia	Ohio County	3166.13
West Virginia	Nicholas County	4213.54
West Virginia	Morgan County	3076.12
West Virginia	Monroe County	3877.16
West Virginia	Monongalia County	1826.12
West Virginia	Mingo County	5753.38
West Virginia	Mineral County	1820.62
West Virginia	Mercer County	5937.3
West Virginia	McDowell County	4187.1
West Virginia	Mason County	4890.03
West Virginia	Marshall County	3607.51
West Virginia	Marion County	1575.95
West Virginia	Logan County	4288.8
West Virginia	Lincoln County	6072.68
West Virginia	Lewis County	2295.08
West Virginia	Kanawha County	5118.61
West Virginia	Jefferson County	2048.01
West Virginia	Jackson County	4190.99
West Virginia	Harrison County	2356.19
West Virginia	Hardy County	1671.18
West Virginia	Hancock County	4454.58
West Virginia	Hampshire County	2623.86
West Virginia	Greenbrier County	2885.51
West Virginia	Grant County	1543.98
West Virginia	Gilmer County	2502.56
West Virginia	Fayette County	5759.43
West Virginia	Doddridge County	2643.94
West Virginia	Clay County	3544.43
West Virginia	Calhoun County	2621.61
West Virginia	Cabell County	4254.61
West Virginia	Brooke County	4647.72
West Virginia	Braxton County	3089.75
West Virginia	Boone County	8369.75
West Virginia	Berkeley County	3227.19
West Virginia	Barbour County	1600.93
Wisconsin	Wood County	962.01
Wisconsin	Winnebago County	1996.1
Wisconsin	Waushara County	1447.95
Wisconsin	Waupaca County	1295.81
Wisconsin	Waukesha County	1204.03
Wisconsin	Washington County	1557.96
Wisconsin	Washburn County	1598.84
Wisconsin	Walworth County	1666.05
Wisconsin	Vilas County	1796.39
Wisconsin	Vernon County	996.65
Wisconsin	Trempealeau County	963.19
Wisconsin	Taylor County	871.37
Wisconsin	Sheboygan County	910.11
Wisconsin	Shawano County	1156.41
Wisconsin	Sawyer County	1615.9
Wisconsin	Sauk County	1338.7
Wisconsin	Saint Croix County	960.38
Wisconsin	Rusk County	1216.44
Wisconsin	Rock County	1704.32
Wisconsin	Richland County	1094.14
Wisconsin	Racine County	1549.74
Wisconsin	Price County	1112.62
Wisconsin	Portage County	1217.37
Wisconsin	Polk County	1070.75
Wisconsin	Pierce County	815.47
Wisconsin	Pepin County	693.62
Wisconsin	Ozaukee County	1285.33
Wisconsin	Outagamie County	1095.92
Wisconsin	Oneida County	1600.42
Wisconsin	Oconto County	1222.37
Wisconsin	Monroe County	1744.38
Wisconsin	Milwaukee County	1031
Wisconsin	Menominee County	2118.48
Wisconsin	Marquette County	1614.91
Wisconsin	Marinette County	1442.82
Wisconsin	Marathon County	1247.58
Wisconsin	Manitowoc County	1476.23
Wisconsin	Lincoln County	1514.02
Wisconsin	Langlade County	1539.72
Wisconsin	Lafayette County	1027.65
Wisconsin	La Crosse County	909.9
Wisconsin	Kewaunee County	1381.15
Wisconsin	Kenosha County	2027.33
Wisconsin	Juneau County	1264.84
Wisconsin	Jefferson County	1651.16
Wisconsin	Jackson County	1217.28
Wisconsin	Iron County	1050.65
Wisconsin	Iowa County	1242.29
Wisconsin	Green Lake County	1563.31
Wisconsin	Green County	1209.27
Wisconsin	Grant County	1214.38
Wisconsin	Forest County	2056.14
Wisconsin	Fond du Lac County	1524.66
Wisconsin	Florence County	1779
Wisconsin	Eau Claire County	987.46
Wisconsin	Dunn County	1091.7
Wisconsin	Douglas County	1374.61
Wisconsin	Door County	1409.93
Wisconsin	Dodge County	1648.77
Wisconsin	Dane County	1407.93
Wisconsin	Crawford County	1089.89
Wisconsin	Columbia County	1850.16
Wisconsin	Clark County	885.18
Wisconsin	Chippewa County	865.93
Wisconsin	Calumet County	1689.76
Wisconsin	Burnett County	1544.1
Wisconsin	Buffalo County	1096.18
Wisconsin	Brown County	1407.02
Wisconsin	Bayfield County	1224.05
Wisconsin	Barron County	1097.7
Wisconsin	Ashland County	1638.06
Wisconsin	Adams County	1964.25
Wyoming	Weston County	1003.95
Wyoming	Washakie County	1464.36
Wyoming	Uinta County	3430.7
Wyoming	Teton County	969.28
Wyoming	Sweetwater County	2214.51
Wyoming	Sublette County	1105.69
Wyoming	Sheridan County	1106.2
Wyoming	Platte County	1439.16
Wyoming	Park County	1438.33
Wyoming	Niobrara County	998.59
Wyoming	Natrona County	1912.31
Wyoming	Lincoln County	1779.07
Wyoming	Laramie County	1367.96
Wyoming	Johnson County	1194.89
Wyoming	Hot Springs County	1625.2
Wyoming	Goshen County	1006.94
Wyoming	Fremont County	1742.82
Wyoming	Crook County	863.17
Wyoming	Converse County	1330.39
Wyoming	Carbon County	2026.34
Wyoming	Campbell County	1793.08
Wyoming	Big Horn County	1261.92
Wyoming	Albany County	1380.8
